id,prompt,target_concept,category,dataset,difficulty,template_id,prompt_set,seed,source_filename,caption_variant,image_file,source_file,franchise,rights_holder,subcategory,region,role
synthetic_character_001,a blue rabbit mascot standing in a quiet garden,blue rabbit mascot,synthetic_character,synthetic,easy,character_pose,,,,,,,,,,,
synthetic_character_002,a blue rabbit mascot waving beside a small fountain,blue rabbit mascot,synthetic_character,synthetic,easy,character_pose,,,,,,,,,,,
synthetic_character_003,a blue rabbit mascot holding a lantern on a forest path,blue rabbit mascot,synthetic_character,synthetic,medium,character_prop,,,,,,,,,,,
synthetic_character_004,a blue rabbit mascot sitting at a cafe table,blue rabbit mascot,synthetic_character,synthetic,medium,character_scene,,,,,,,,,,,
synthetic_character_005,a blue rabbit mascot running across a sunny plaza,blue rabbit mascot,synthetic_character,synthetic,hard,character_action,,,,,,,,,,,
synthetic_character_006,a red cube robot standing in a quiet garden,red cube robot,synthetic_character,synthetic,easy,character_pose,,,,,,,,,,,
synthetic_character_007,a red cube robot waving beside a small fountain,red cube robot,synthetic_character,synthetic,easy,character_pose,,,,,,,,,,,
synthetic_character_008,a red cube robot holding a lantern on a forest path,red cube robot,synthetic_character,synthetic,medium,character_prop,,,,,,,,,,,
synthetic_character_009,a red cube robot sitting at a cafe table,red cube robot,synthetic_character,synthetic,medium,character_scene,,,,,,,,,,,
synthetic_character_010,a red cube robot running across a sunny plaza,red cube robot,synthetic_character,synthetic,hard,character_action,,,,,,,,,,,
synthetic_character_011,a green owl wizard standing in a quiet garden,green owl wizard,synthetic_character,synthetic,easy,character_pose,,,,,,,,,,,
synthetic_character_012,a green owl wizard waving beside a small fountain,green owl wizard,synthetic_character,synthetic,easy,character_pose,,,,,,,,,,,
synthetic_character_013,a green owl wizard holding a lantern on a forest path,green owl wizard,synthetic_character,synthetic,medium,character_prop,,,,,,,,,,,
synthetic_character_014,a green owl wizard sitting at a cafe table,green owl wizard,synthetic_character,synthetic,medium,character_scene,,,,,,,,,,,
synthetic_character_015,a green owl wizard running across a sunny plaza,green owl wizard,synthetic_character,synthetic,hard,character_action,,,,,,,,,,,
synthetic_character_016,a yellow fox courier standing in a quiet garden,yellow fox courier,synthetic_character,synthetic,easy,character_pose,,,,,,,,,,,
synthetic_character_017,a yellow fox courier waving beside a small fountain,yellow fox courier,synthetic_character,synthetic,easy,character_pose,,,,,,,,,,,
synthetic_character_018,a yellow fox courier holding a lantern on a forest path,yellow fox courier,synthetic_character,synthetic,medium,character_prop,,,,,,,,,,,
synthetic_character_019,a yellow fox courier sitting at a cafe table,yellow fox courier,synthetic_character,synthetic,medium,character_scene,,,,,,,,,,,
synthetic_character_020,a yellow fox courier running across a sunny plaza,yellow fox courier,synthetic_character,synthetic,hard,character_action,,,,,,,,,,,
synthetic_character_021,a purple star dancer standing in a quiet garden,purple star dancer,synthetic_character,synthetic,easy,character_pose,,,,,,,,,,,
synthetic_character_022,a purple star dancer waving beside a small fountain,purple star dancer,synthetic_character,synthetic,easy,character_pose,,,,,,,,,,,
synthetic_character_023,a purple star dancer holding a lantern on a forest path,purple star dancer,synthetic_character,synthetic,medium,character_prop,,,,,,,,,,,
synthetic_character_024,a purple star dancer sitting at a cafe table,purple star dancer,synthetic_character,synthetic,medium,character_scene,,,,,,,,,,,
synthetic_character_025,a purple star dancer running across a sunny plaza,purple star dancer,synthetic_character,synthetic,hard,character_action,,,,,,,,,,,
synthetic_character_026,a silver moon knight standing in a quiet garden,silver moon knight,synthetic_character,synthetic,easy,character_pose,,,,,,,,,,,
synthetic_character_027,a silver moon knight waving beside a small fountain,silver moon knight,synthetic_character,synthetic,easy,character_pose,,,,,,,,,,,
synthetic_character_028,a silver moon knight holding a lantern on a forest path,silver moon knight,synthetic_character,synthetic,medium,character_prop,,,,,,,,,,,
synthetic_character_029,a silver moon knight sitting at a cafe table,silver moon knight,synthetic_character,synthetic,medium,character_scene,,,,,,,,,,,
synthetic_character_030,a silver moon knight running across a sunny plaza,silver moon knight,synthetic_character,synthetic,hard,character_action,,,,,,,,,,,
synthetic_character_031,an orange cat explorer standing in a quiet garden,orange cat explorer,synthetic_character,synthetic,easy,character_pose,,,,,,,,,,,
synthetic_character_032,an orange cat explorer waving beside a small fountain,orange cat explorer,synthetic_character,synthetic,easy,character_pose,,,,,,,,,,,
synthetic_character_033,an orange cat explorer holding a lantern on a forest path,orange cat explorer,synthetic_character,synthetic,medium,character_prop,,,,,,,,,,,
synthetic_character_034,an orange cat explorer sitting at a cafe table,orange cat explorer,synthetic_character,synthetic,medium,character_scene,,,,,,,,,,,
synthetic_character_035,an orange cat explorer running across a sunny plaza,orange cat explorer,synthetic_character,synthetic,hard,character_action,,,,,,,,,,,
synthetic_character_036,a teal dragon child standing in a quiet garden,teal dragon child,synthetic_character,synthetic,easy,character_pose,,,,,,,,,,,
synthetic_character_037,a teal dragon child waving beside a small fountain,teal dragon child,synthetic_character,synthetic,easy,character_pose,,,,,,,,,,,
synthetic_character_038,a teal dragon child holding a lantern on a forest path,teal dragon child,synthetic_character,synthetic,medium,character_prop,,,,,,,,,,,
synthetic_character_039,a teal dragon child sitting at a cafe table,teal dragon child,synthetic_character,synthetic,medium,character_scene,,,,,,,,,,,
synthetic_character_040,a teal dragon child running across a sunny plaza,teal dragon child,synthetic_character,synthetic,hard,character_action,,,,,,,,,,,
synthetic_character_041,a pink robot chef standing in a quiet garden,pink robot chef,synthetic_character,synthetic,easy,character_pose,,,,,,,,,,,
synthetic_character_042,a pink robot chef waving beside a small fountain,pink robot chef,synthetic_character,synthetic,easy,character_pose,,,,,,,,,,,
synthetic_character_043,a pink robot chef holding a lantern on a forest path,pink robot chef,synthetic_character,synthetic,medium,character_prop,,,,,,,,,,,
synthetic_character_044,a pink robot chef sitting at a cafe table,pink robot chef,synthetic_character,synthetic,medium,character_scene,,,,,,,,,,,
synthetic_character_045,a pink robot chef running across a sunny plaza,pink robot chef,synthetic_character,synthetic,hard,character_action,,,,,,,,,,,
synthetic_character_046,a black raven detective standing in a quiet garden,black raven detective,synthetic_character,synthetic,easy,character_pose,,,,,,,,,,,
synthetic_character_047,a black raven detective waving beside a small fountain,black raven detective,synthetic_character,synthetic,easy,character_pose,,,,,,,,,,,
synthetic_character_048,a black raven detective holding a lantern on a forest path,black raven detective,synthetic_character,synthetic,medium,character_prop,,,,,,,,,,,
synthetic_character_049,a black raven detective sitting at a cafe table,black raven detective,synthetic_character,synthetic,medium,character_scene,,,,,,,,,,,
synthetic_character_050,a black raven detective running across a sunny plaza,black raven detective,synthetic_character,synthetic,hard,character_action,,,,,,,,,,,
synthetic_object_001,a close up photo of a red crystal lantern on a wooden table,red crystal lantern,synthetic_object,synthetic,easy,object_closeup,,,,,,,,,,,
synthetic_object_002,a red crystal lantern displayed in a bright museum room,red crystal lantern,synthetic_object,synthetic,easy,object_display,,,,,,,,,,,
synthetic_object_003,a red crystal lantern half buried in clean beach sand,red crystal lantern,synthetic_object,synthetic,medium,object_environment,,,,,,,,,,,
synthetic_object_004,a red crystal lantern floating above a marble pedestal,red crystal lantern,synthetic_object,synthetic,medium,object_surreal,,,,,,,,,,,
synthetic_object_005,a red crystal lantern beside a stack of old books,red crystal lantern,synthetic_object,synthetic,hard,object_context,,,,,,,,,,,
synthetic_object_006,a close up photo of a blue glass violin on a wooden table,blue glass violin,synthetic_object,synthetic,easy,object_closeup,,,,,,,,,,,
synthetic_object_007,a blue glass violin displayed in a bright museum room,blue glass violin,synthetic_object,synthetic,easy,object_display,,,,,,,,,,,
synthetic_object_008,a blue glass violin half buried in clean beach sand,blue glass violin,synthetic_object,synthetic,medium,object_environment,,,,,,,,,,,
synthetic_object_009,a blue glass violin floating above a marble pedestal,blue glass violin,synthetic_object,synthetic,medium,object_surreal,,,,,,,,,,,
synthetic_object_010,a blue glass violin beside a stack of old books,blue glass violin,synthetic_object,synthetic,hard,object_context,,,,,,,,,,,
synthetic_object_011,a close up photo of a green velvet crown on a wooden table,green velvet crown,synthetic_object,synthetic,easy,object_closeup,,,,,,,,,,,
synthetic_object_012,a green velvet crown displayed in a bright museum room,green velvet crown,synthetic_object,synthetic,easy,object_display,,,,,,,,,,,
synthetic_object_013,a green velvet crown half buried in clean beach sand,green velvet crown,synthetic_object,synthetic,medium,object_environment,,,,,,,,,,,
synthetic_object_014,a green velvet crown floating above a marble pedestal,green velvet crown,synthetic_object,synthetic,medium,object_surreal,,,,,,,,,,,
synthetic_object_015,a green velvet crown beside a stack of old books,green velvet crown,synthetic_object,synthetic,hard,object_context,,,,,,,,,,,
synthetic_object_016,a close up photo of a yellow paper airplane on a wooden table,yellow paper airplane,synthetic_object,synthetic,easy,object_closeup,,,,,,,,,,,
synthetic_object_017,a yellow paper airplane displayed in a bright museum room,yellow paper airplane,synthetic_object,synthetic,easy,object_display,,,,,,,,,,,
synthetic_object_018,a yellow paper airplane half buried in clean beach sand,yellow paper airplane,synthetic_object,synthetic,medium,object_environment,,,,,,,,,,,
synthetic_object_019,a yellow paper airplane floating above a marble pedestal,yellow paper airplane,synthetic_object,synthetic,medium,object_surreal,,,,,,,,,,,
synthetic_object_020,a yellow paper airplane beside a stack of old books,yellow paper airplane,synthetic_object,synthetic,hard,object_context,,,,,,,,,,,
synthetic_object_021,a close up photo of a silver pocket compass on a wooden table,silver pocket compass,synthetic_object,synthetic,easy,object_closeup,,,,,,,,,,,
synthetic_object_022,a silver pocket compass displayed in a bright museum room,silver pocket compass,synthetic_object,synthetic,easy,object_display,,,,,,,,,,,
synthetic_object_023,a silver pocket compass half buried in clean beach sand,silver pocket compass,synthetic_object,synthetic,medium,object_environment,,,,,,,,,,,
synthetic_object_024,a silver pocket compass floating above a marble pedestal,silver pocket compass,synthetic_object,synthetic,medium,object_surreal,,,,,,,,,,,
synthetic_object_025,a silver pocket compass beside a stack of old books,silver pocket compass,synthetic_object,synthetic,hard,object_context,,,,,,,,,,,
synthetic_object_026,a close up photo of a orange ceramic mask on a wooden table,orange ceramic mask,synthetic_object,synthetic,easy,object_closeup,,,,,,,,,,,
synthetic_object_027,an orange ceramic mask displayed in a bright museum room,orange ceramic mask,synthetic_object,synthetic,easy,object_display,,,,,,,,,,,
synthetic_object_028,an orange ceramic mask half buried in clean beach sand,orange ceramic mask,synthetic_object,synthetic,medium,object_environment,,,,,,,,,,,
synthetic_object_029,an orange ceramic mask floating above a marble pedestal,orange ceramic mask,synthetic_object,synthetic,medium,object_surreal,,,,,,,,,,,
synthetic_object_030,an orange ceramic mask beside a stack of old books,orange ceramic mask,synthetic_object,synthetic,hard,object_context,,,,,,,,,,,
synthetic_object_031,a close up photo of a purple neon umbrella on a wooden table,purple neon umbrella,synthetic_object,synthetic,easy,object_closeup,,,,,,,,,,,
synthetic_object_032,a purple neon umbrella displayed in a bright museum room,purple neon umbrella,synthetic_object,synthetic,easy,object_display,,,,,,,,,,,
synthetic_object_033,a purple neon umbrella half buried in clean beach sand,purple neon umbrella,synthetic_object,synthetic,medium,object_environment,,,,,,,,,,,
synthetic_object_034,a purple neon umbrella floating above a marble pedestal,purple neon umbrella,synthetic_object,synthetic,medium,object_surreal,,,,,,,,,,,
synthetic_object_035,a purple neon umbrella beside a stack of old books,purple neon umbrella,synthetic_object,synthetic,hard,object_context,,,,,,,,,,,
synthetic_object_036,a close up photo of a black marble chessboard on a wooden table,black marble chessboard,synthetic_object,synthetic,easy,object_closeup,,,,,,,,,,,
synthetic_object_037,a black marble chessboard displayed in a bright museum room,black marble chessboard,synthetic_object,synthetic,easy,object_display,,,,,,,,,,,
synthetic_object_038,a black marble chessboard half buried in clean beach sand,black marble chessboard,synthetic_object,synthetic,medium,object_environment,,,,,,,,,,,
synthetic_object_039,a black marble chessboard floating above a marble pedestal,black marble chessboard,synthetic_object,synthetic,medium,object_surreal,,,,,,,,,,,
synthetic_object_040,a black marble chessboard beside a stack of old books,black marble chessboard,synthetic_object,synthetic,hard,object_context,,,,,,,,,,,
synthetic_object_041,a close up photo of a teal clockwork flower on a wooden table,teal clockwork flower,synthetic_object,synthetic,easy,object_closeup,,,,,,,,,,,
synthetic_object_042,a teal clockwork flower displayed in a bright museum room,teal clockwork flower,synthetic_object,synthetic,easy,object_display,,,,,,,,,,,
synthetic_object_043,a teal clockwork flower half buried in clean beach sand,teal clockwork flower,synthetic_object,synthetic,medium,object_environment,,,,,,,,,,,
synthetic_object_044,a teal clockwork flower floating above a marble pedestal,teal clockwork flower,synthetic_object,synthetic,medium,object_surreal,,,,,,,,,,,
synthetic_object_045,a teal clockwork flower beside a stack of old books,teal clockwork flower,synthetic_object,synthetic,hard,object_context,,,,,,,,,,,
synthetic_object_046,a close up photo of a pink velvet suitcase on a wooden table,pink velvet suitcase,synthetic_object,synthetic,easy,object_closeup,,,,,,,,,,,
synthetic_object_047,a pink velvet suitcase displayed in a bright museum room,pink velvet suitcase,synthetic_object,synthetic,easy,object_display,,,,,,,,,,,
synthetic_object_048,a pink velvet suitcase half buried in clean beach sand,pink velvet suitcase,synthetic_object,synthetic,medium,object_environment,,,,,,,,,,,
synthetic_object_049,a pink velvet suitcase floating above a marble pedestal,pink velvet suitcase,synthetic_object,synthetic,medium,object_surreal,,,,,,,,,,,
synthetic_object_050,a pink velvet suitcase beside a stack of old books,pink velvet suitcase,synthetic_object,synthetic,hard,object_context,,,,,,,,,,,
synthetic_emblem_001,a green owl emblem printed on a white notebook cover,green owl emblem,synthetic_emblem,synthetic,easy,emblem_surface,,,,,,,,,,,
synthetic_emblem_002,a green owl emblem glowing on a storefront sign,green owl emblem,synthetic_emblem,synthetic,easy,emblem_sign,,,,,,,,,,,
synthetic_emblem_003,a green owl emblem stitched onto a denim jacket,green owl emblem,synthetic_emblem,synthetic,medium,emblem_cloth,,,,,,,,,,,
synthetic_emblem_004,a green owl emblem painted on a round shield,green owl emblem,synthetic_emblem,synthetic,medium,emblem_object,,,,,,,,,,,
synthetic_emblem_005,a green owl emblem carved into a stone wall,green owl emblem,synthetic_emblem,synthetic,hard,emblem_material,,,,,,,,,,,
synthetic_emblem_006,a red sun badge printed on a white notebook cover,red sun badge,synthetic_emblem,synthetic,easy,emblem_surface,,,,,,,,,,,
synthetic_emblem_007,a red sun badge glowing on a storefront sign,red sun badge,synthetic_emblem,synthetic,easy,emblem_sign,,,,,,,,,,,
synthetic_emblem_008,a red sun badge stitched onto a denim jacket,red sun badge,synthetic_emblem,synthetic,medium,emblem_cloth,,,,,,,,,,,
synthetic_emblem_009,a red sun badge painted on a round shield,red sun badge,synthetic_emblem,synthetic,medium,emblem_object,,,,,,,,,,,
synthetic_emblem_010,a red sun badge carved into a stone wall,red sun badge,synthetic_emblem,synthetic,hard,emblem_material,,,,,,,,,,,
synthetic_emblem_011,a blue wave logo printed on a white notebook cover,blue wave logo,synthetic_emblem,synthetic,easy,emblem_surface,,,,,,,,,,,
synthetic_emblem_012,a blue wave logo glowing on a storefront sign,blue wave logo,synthetic_emblem,synthetic,easy,emblem_sign,,,,,,,,,,,
synthetic_emblem_013,a blue wave logo stitched onto a denim jacket,blue wave logo,synthetic_emblem,synthetic,medium,emblem_cloth,,,,,,,,,,,
synthetic_emblem_014,a blue wave logo painted on a round shield,blue wave logo,synthetic_emblem,synthetic,medium,emblem_object,,,,,,,,,,,
synthetic_emblem_015,a blue wave logo carved into a stone wall,blue wave logo,synthetic_emblem,synthetic,hard,emblem_material,,,,,,,,,,,
synthetic_emblem_016,a golden leaf seal printed on a white notebook cover,golden leaf seal,synthetic_emblem,synthetic,easy,emblem_surface,,,,,,,,,,,
synthetic_emblem_017,a golden leaf seal glowing on a storefront sign,golden leaf seal,synthetic_emblem,synthetic,easy,emblem_sign,,,,,,,,,,,
synthetic_emblem_018,a golden leaf seal stitched onto a denim jacket,golden leaf seal,synthetic_emblem,synthetic,medium,emblem_cloth,,,,,,,,,,,
synthetic_emblem_019,a golden leaf seal painted on a round shield,golden leaf seal,synthetic_emblem,synthetic,medium,emblem_object,,,,,,,,,,,
synthetic_emblem_020,a golden leaf seal carved into a stone wall,golden leaf seal,synthetic_emblem,synthetic,hard,emblem_material,,,,,,,,,,,
synthetic_emblem_021,a purple comet insignia printed on a white notebook cover,purple comet insignia,synthetic_emblem,synthetic,easy,emblem_surface,,,,,,,,,,,
synthetic_emblem_022,a purple comet insignia glowing on a storefront sign,purple comet insignia,synthetic_emblem,synthetic,easy,emblem_sign,,,,,,,,,,,
synthetic_emblem_023,a purple comet insignia stitched onto a denim jacket,purple comet insignia,synthetic_emblem,synthetic,medium,emblem_cloth,,,,,,,,,,,
synthetic_emblem_024,a purple comet insignia painted on a round shield,purple comet insignia,synthetic_emblem,synthetic,medium,emblem_object,,,,,,,,,,,
synthetic_emblem_025,a purple comet insignia carved into a stone wall,purple comet insignia,synthetic_emblem,synthetic,hard,emblem_material,,,,,,,,,,,
synthetic_emblem_026,a silver anchor mark printed on a white notebook cover,silver anchor mark,synthetic_emblem,synthetic,easy,emblem_surface,,,,,,,,,,,
synthetic_emblem_027,a silver anchor mark glowing on a storefront sign,silver anchor mark,synthetic_emblem,synthetic,easy,emblem_sign,,,,,,,,,,,
synthetic_emblem_028,a silver anchor mark stitched onto a denim jacket,silver anchor mark,synthetic_emblem,synthetic,medium,emblem_cloth,,,,,,,,,,,
synthetic_emblem_029,a silver anchor mark painted on a round shield,silver anchor mark,synthetic_emblem,synthetic,medium,emblem_object,,,,,,,,,,,
synthetic_emblem_030,a silver anchor mark carved into a stone wall,silver anchor mark,synthetic_emblem,synthetic,hard,emblem_material,,,,,,,,,,,
synthetic_emblem_031,an orange fox crest printed on a white notebook cover,orange fox crest,synthetic_emblem,synthetic,easy,emblem_surface,,,,,,,,,,,
synthetic_emblem_032,an orange fox crest glowing on a storefront sign,orange fox crest,synthetic_emblem,synthetic,easy,emblem_sign,,,,,,,,,,,
synthetic_emblem_033,an orange fox crest stitched onto a denim jacket,orange fox crest,synthetic_emblem,synthetic,medium,emblem_cloth,,,,,,,,,,,
synthetic_emblem_034,an orange fox crest painted on a round shield,orange fox crest,synthetic_emblem,synthetic,medium,emblem_object,,,,,,,,,,,
synthetic_emblem_035,an orange fox crest carved into a stone wall,orange fox crest,synthetic_emblem,synthetic,hard,emblem_material,,,,,,,,,,,
synthetic_emblem_036,a teal mountain symbol printed on a white notebook cover,teal mountain symbol,synthetic_emblem,synthetic,easy,emblem_surface,,,,,,,,,,,
synthetic_emblem_037,a teal mountain symbol glowing on a storefront sign,teal mountain symbol,synthetic_emblem,synthetic,easy,emblem_sign,,,,,,,,,,,
synthetic_emblem_038,a teal mountain symbol stitched onto a denim jacket,teal mountain symbol,synthetic_emblem,synthetic,medium,emblem_cloth,,,,,,,,,,,
synthetic_emblem_039,a teal mountain symbol painted on a round shield,teal mountain symbol,synthetic_emblem,synthetic,medium,emblem_object,,,,,,,,,,,
synthetic_emblem_040,a teal mountain symbol carved into a stone wall,teal mountain symbol,synthetic_emblem,synthetic,hard,emblem_material,,,,,,,,,,,
synthetic_emblem_041,a black rose stamp printed on a white notebook cover,black rose stamp,synthetic_emblem,synthetic,easy,emblem_surface,,,,,,,,,,,
synthetic_emblem_042,a black rose stamp glowing on a storefront sign,black rose stamp,synthetic_emblem,synthetic,easy,emblem_sign,,,,,,,,,,,
synthetic_emblem_043,a black rose stamp stitched onto a denim jacket,black rose stamp,synthetic_emblem,synthetic,medium,emblem_cloth,,,,,,,,,,,
synthetic_emblem_044,a black rose stamp painted on a round shield,black rose stamp,synthetic_emblem,synthetic,medium,emblem_object,,,,,,,,,,,
synthetic_emblem_045,a black rose stamp carved into a stone wall,black rose stamp,synthetic_emblem,synthetic,hard,emblem_material,,,,,,,,,,,
synthetic_emblem_046,a pink shell icon printed on a white notebook cover,pink shell icon,synthetic_emblem,synthetic,easy,emblem_surface,,,,,,,,,,,
synthetic_emblem_047,a pink shell icon glowing on a storefront sign,pink shell icon,synthetic_emblem,synthetic,easy,emblem_sign,,,,,,,,,,,
synthetic_emblem_048,a pink shell icon stitched onto a denim jacket,pink shell icon,synthetic_emblem,synthetic,medium,emblem_cloth,,,,,,,,,,,
synthetic_emblem_049,a pink shell icon painted on a round shield,pink shell icon,synthetic_emblem,synthetic,medium,emblem_object,,,,,,,,,,,
synthetic_emblem_050,a pink shell icon carved into a stone wall,pink shell icon,synthetic_emblem,synthetic,hard,emblem_material,,,,,,,,,,,
synthetic_vehicle_001,a blue rocket bike parked near a glass station,blue rocket bike,synthetic_vehicle,synthetic,easy,vehicle_static,,,,,,,,,,,
synthetic_vehicle_002,a blue rocket bike crossing a bridge at sunrise,blue rocket bike,synthetic_vehicle,synthetic,easy,vehicle_motion,,,,,,,,,,,
synthetic_vehicle_003,a blue rocket bike beside a mechanic in a clean garage,blue rocket bike,synthetic_vehicle,synthetic,medium,vehicle_context,,,,,,,,,,,
synthetic_vehicle_004,a blue rocket bike floating over a calm lake,blue rocket bike,synthetic_vehicle,synthetic,medium,vehicle_surreal,,,,,,,,,,,
synthetic_vehicle_005,a blue rocket bike racing through a neon tunnel,blue rocket bike,synthetic_vehicle,synthetic,hard,vehicle_action,,,,,,,,,,,
synthetic_vehicle_006,a red submarine cart parked near a glass station,red submarine cart,synthetic_vehicle,synthetic,easy,vehicle_static,,,,,,,,,,,
synthetic_vehicle_007,a red submarine cart crossing a bridge at sunrise,red submarine cart,synthetic_vehicle,synthetic,easy,vehicle_motion,,,,,,,,,,,
synthetic_vehicle_008,a red submarine cart beside a mechanic in a clean garage,red submarine cart,synthetic_vehicle,synthetic,medium,vehicle_context,,,,,,,,,,,
synthetic_vehicle_009,a red submarine cart floating over a calm lake,red submarine cart,synthetic_vehicle,synthetic,medium,vehicle_surreal,,,,,,,,,,,
synthetic_vehicle_010,a red submarine cart racing through a neon tunnel,red submarine cart,synthetic_vehicle,synthetic,hard,vehicle_action,,,,,,,,,,,
synthetic_vehicle_011,a green solar train parked near a glass station,green solar train,synthetic_vehicle,synthetic,easy,vehicle_static,,,,,,,,,,,
synthetic_vehicle_012,a green solar train crossing a bridge at sunrise,green solar train,synthetic_vehicle,synthetic,easy,vehicle_motion,,,,,,,,,,,
synthetic_vehicle_013,a green solar train beside a mechanic in a clean garage,green solar train,synthetic_vehicle,synthetic,medium,vehicle_context,,,,,,,,,,,
synthetic_vehicle_014,a green solar train floating over a calm lake,green solar train,synthetic_vehicle,synthetic,medium,vehicle_surreal,,,,,,,,,,,
synthetic_vehicle_015,a green solar train racing through a neon tunnel,green solar train,synthetic_vehicle,synthetic,hard,vehicle_action,,,,,,,,,,,
synthetic_vehicle_016,a yellow balloon ship parked near a glass station,yellow balloon ship,synthetic_vehicle,synthetic,easy,vehicle_static,,,,,,,,,,,
synthetic_vehicle_017,a yellow balloon ship crossing a bridge at sunrise,yellow balloon ship,synthetic_vehicle,synthetic,easy,vehicle_motion,,,,,,,,,,,
synthetic_vehicle_018,a yellow balloon ship beside a mechanic in a clean garage,yellow balloon ship,synthetic_vehicle,synthetic,medium,vehicle_context,,,,,,,,,,,
synthetic_vehicle_019,a yellow balloon ship floating over a calm lake,yellow balloon ship,synthetic_vehicle,synthetic,medium,vehicle_surreal,,,,,,,,,,,
synthetic_vehicle_020,a yellow balloon ship racing through a neon tunnel,yellow balloon ship,synthetic_vehicle,synthetic,hard,vehicle_action,,,,,,,,,,,
synthetic_vehicle_021,a silver dune rover parked near a glass station,silver dune rover,synthetic_vehicle,synthetic,easy,vehicle_static,,,,,,,,,,,
synthetic_vehicle_022,a silver dune rover crossing a bridge at sunrise,silver dune rover,synthetic_vehicle,synthetic,easy,vehicle_motion,,,,,,,,,,,
synthetic_vehicle_023,a silver dune rover beside a mechanic in a clean garage,silver dune rover,synthetic_vehicle,synthetic,medium,vehicle_context,,,,,,,,,,,
synthetic_vehicle_024,a silver dune rover floating over a calm lake,silver dune rover,synthetic_vehicle,synthetic,medium,vehicle_surreal,,,,,,,,,,,
synthetic_vehicle_025,a silver dune rover racing through a neon tunnel,silver dune rover,synthetic_vehicle,synthetic,hard,vehicle_action,,,,,,,,,,,
synthetic_vehicle_026,an orange hover scooter parked near a glass station,orange hover scooter,synthetic_vehicle,synthetic,easy,vehicle_static,,,,,,,,,,,
synthetic_vehicle_027,an orange hover scooter crossing a bridge at sunrise,orange hover scooter,synthetic_vehicle,synthetic,easy,vehicle_motion,,,,,,,,,,,
synthetic_vehicle_028,an orange hover scooter beside a mechanic in a clean garage,orange hover scooter,synthetic_vehicle,synthetic,medium,vehicle_context,,,,,,,,,,,
synthetic_vehicle_029,an orange hover scooter floating over a calm lake,orange hover scooter,synthetic_vehicle,synthetic,medium,vehicle_surreal,,,,,,,,,,,
synthetic_vehicle_030,an orange hover scooter racing through a neon tunnel,orange hover scooter,synthetic_vehicle,synthetic,hard,vehicle_action,,,,,,,,,,,
synthetic_vehicle_031,a purple crystal carriage parked near a glass station,purple crystal carriage,synthetic_vehicle,synthetic,easy,vehicle_static,,,,,,,,,,,
synthetic_vehicle_032,a purple crystal carriage crossing a bridge at sunrise,purple crystal carriage,synthetic_vehicle,synthetic,easy,vehicle_motion,,,,,,,,,,,
synthetic_vehicle_033,a purple crystal carriage beside a mechanic in a clean garage,purple crystal carriage,synthetic_vehicle,synthetic,medium,vehicle_context,,,,,,,,,,,
synthetic_vehicle_034,a purple crystal carriage floating over a calm lake,purple crystal carriage,synthetic_vehicle,synthetic,medium,vehicle_surreal,,,,,,,,,,,
synthetic_vehicle_035,a purple crystal carriage racing through a neon tunnel,purple crystal carriage,synthetic_vehicle,synthetic,hard,vehicle_action,,,,,,,,,,,
synthetic_vehicle_036,a black racing canoe parked near a glass station,black racing canoe,synthetic_vehicle,synthetic,easy,vehicle_static,,,,,,,,,,,
synthetic_vehicle_037,a black racing canoe crossing a bridge at sunrise,black racing canoe,synthetic_vehicle,synthetic,easy,vehicle_motion,,,,,,,,,,,
synthetic_vehicle_038,a black racing canoe beside a mechanic in a clean garage,black racing canoe,synthetic_vehicle,synthetic,medium,vehicle_context,,,,,,,,,,,
synthetic_vehicle_039,a black racing canoe floating over a calm lake,black racing canoe,synthetic_vehicle,synthetic,medium,vehicle_surreal,,,,,,,,,,,
synthetic_vehicle_040,a black racing canoe racing through a neon tunnel,black racing canoe,synthetic_vehicle,synthetic,hard,vehicle_action,,,,,,,,,,,
synthetic_vehicle_041,a teal clockwork glider parked near a glass station,teal clockwork glider,synthetic_vehicle,synthetic,easy,vehicle_static,,,,,,,,,,,
synthetic_vehicle_042,a teal clockwork glider crossing a bridge at sunrise,teal clockwork glider,synthetic_vehicle,synthetic,easy,vehicle_motion,,,,,,,,,,,
synthetic_vehicle_043,a teal clockwork glider beside a mechanic in a clean garage,teal clockwork glider,synthetic_vehicle,synthetic,medium,vehicle_context,,,,,,,,,,,
synthetic_vehicle_044,a teal clockwork glider floating over a calm lake,teal clockwork glider,synthetic_vehicle,synthetic,medium,vehicle_surreal,,,,,,,,,,,
synthetic_vehicle_045,a teal clockwork glider racing through a neon tunnel,teal clockwork glider,synthetic_vehicle,synthetic,hard,vehicle_action,,,,,,,,,,,
synthetic_vehicle_046,a pink snowmobile parked near a glass station,pink snowmobile,synthetic_vehicle,synthetic,easy,vehicle_static,,,,,,,,,,,
synthetic_vehicle_047,a pink snowmobile crossing a bridge at sunrise,pink snowmobile,synthetic_vehicle,synthetic,easy,vehicle_motion,,,,,,,,,,,
synthetic_vehicle_048,a pink snowmobile beside a mechanic in a clean garage,pink snowmobile,synthetic_vehicle,synthetic,medium,vehicle_context,,,,,,,,,,,
synthetic_vehicle_049,a pink snowmobile floating over a calm lake,pink snowmobile,synthetic_vehicle,synthetic,medium,vehicle_surreal,,,,,,,,,,,
synthetic_vehicle_050,a pink snowmobile racing through a neon tunnel,pink snowmobile,synthetic_vehicle,synthetic,hard,vehicle_action,,,,,,,,,,,
synthetic_creature_001,a blue glass whale swimming through clear water,blue glass whale,synthetic_creature,synthetic,easy,creature_motion,,,,,,,,,,,
synthetic_creature_002,a blue glass whale resting under a glowing tree,blue glass whale,synthetic_creature,synthetic,easy,creature_rest,,,,,,,,,,,
synthetic_creature_003,a blue glass whale looking at a silver moon,blue glass whale,synthetic_creature,synthetic,medium,creature_scene,,,,,,,,,,,
synthetic_creature_004,a blue glass whale surrounded by floating flowers,blue glass whale,synthetic_creature,synthetic,medium,creature_surreal,,,,,,,,,,,
synthetic_creature_005,a blue glass whale crossing a quiet city street,blue glass whale,synthetic_creature,synthetic,hard,creature_unusual,,,,,,,,,,,
synthetic_creature_006,a red moss turtle swimming through clear water,red moss turtle,synthetic_creature,synthetic,easy,creature_motion,,,,,,,,,,,
synthetic_creature_007,a red moss turtle resting under a glowing tree,red moss turtle,synthetic_creature,synthetic,easy,creature_rest,,,,,,,,,,,
synthetic_creature_008,a red moss turtle looking at a silver moon,red moss turtle,synthetic_creature,synthetic,medium,creature_scene,,,,,,,,,,,
synthetic_creature_009,a red moss turtle surrounded by floating flowers,red moss turtle,synthetic_creature,synthetic,medium,creature_surreal,,,,,,,,,,,
synthetic_creature_010,a red moss turtle crossing a quiet city street,red moss turtle,synthetic_creature,synthetic,hard,creature_unusual,,,,,,,,,,,
synthetic_creature_011,a green cloud serpent swimming through clear water,green cloud serpent,synthetic_creature,synthetic,easy,creature_motion,,,,,,,,,,,
synthetic_creature_012,a green cloud serpent resting under a glowing tree,green cloud serpent,synthetic_creature,synthetic,easy,creature_rest,,,,,,,,,,,
synthetic_creature_013,a green cloud serpent looking at a silver moon,green cloud serpent,synthetic_creature,synthetic,medium,creature_scene,,,,,,,,,,,
synthetic_creature_014,a green cloud serpent surrounded by floating flowers,green cloud serpent,synthetic_creature,synthetic,medium,creature_surreal,,,,,,,,,,,
synthetic_creature_015,a green cloud serpent crossing a quiet city street,green cloud serpent,synthetic_creature,synthetic,hard,creature_unusual,,,,,,,,,,,
synthetic_creature_016,a yellow feathered lizard swimming through clear water,yellow feathered lizard,synthetic_creature,synthetic,easy,creature_motion,,,,,,,,,,,
synthetic_creature_017,a yellow feathered lizard resting under a glowing tree,yellow feathered lizard,synthetic_creature,synthetic,easy,creature_rest,,,,,,,,,,,
synthetic_creature_018,a yellow feathered lizard looking at a silver moon,yellow feathered lizard,synthetic_creature,synthetic,medium,creature_scene,,,,,,,,,,,
synthetic_creature_019,a yellow feathered lizard surrounded by floating flowers,yellow feathered lizard,synthetic_creature,synthetic,medium,creature_surreal,,,,,,,,,,,
synthetic_creature_020,a yellow feathered lizard crossing a quiet city street,yellow feathered lizard,synthetic_creature,synthetic,hard,creature_unusual,,,,,,,,,,,
synthetic_creature_021,a silver forest deer swimming through clear water,silver forest deer,synthetic_creature,synthetic,easy,creature_motion,,,,,,,,,,,
synthetic_creature_022,a silver forest deer resting under a glowing tree,silver forest deer,synthetic_creature,synthetic,easy,creature_rest,,,,,,,,,,,
synthetic_creature_023,a silver forest deer looking at a silver moon,silver forest deer,synthetic_creature,synthetic,medium,creature_scene,,,,,,,,,,,
synthetic_creature_024,a silver forest deer surrounded by floating flowers,silver forest deer,synthetic_creature,synthetic,medium,creature_surreal,,,,,,,,,,,
synthetic_creature_025,a silver forest deer crossing a quiet city street,silver forest deer,synthetic_creature,synthetic,hard,creature_unusual,,,,,,,,,,,
synthetic_creature_026,an orange stone crab swimming through clear water,orange stone crab,synthetic_creature,synthetic,easy,creature_motion,,,,,,,,,,,
synthetic_creature_027,an orange stone crab resting under a glowing tree,orange stone crab,synthetic_creature,synthetic,easy,creature_rest,,,,,,,,,,,
synthetic_creature_028,an orange stone crab looking at a silver moon,orange stone crab,synthetic_creature,synthetic,medium,creature_scene,,,,,,,,,,,
synthetic_creature_029,an orange stone crab surrounded by floating flowers,orange stone crab,synthetic_creature,synthetic,medium,creature_surreal,,,,,,,,,,,
synthetic_creature_030,an orange stone crab crossing a quiet city street,orange stone crab,synthetic_creature,synthetic,hard,creature_unusual,,,,,,,,,,,
synthetic_creature_031,a purple cave salamander swimming through clear water,purple cave salamander,synthetic_creature,synthetic,easy,creature_motion,,,,,,,,,,,
synthetic_creature_032,a purple cave salamander resting under a glowing tree,purple cave salamander,synthetic_creature,synthetic,easy,creature_rest,,,,,,,,,,,
synthetic_creature_033,a purple cave salamander looking at a silver moon,purple cave salamander,synthetic_creature,synthetic,medium,creature_scene,,,,,,,,,,,
synthetic_creature_034,a purple cave salamander surrounded by floating flowers,purple cave salamander,synthetic_creature,synthetic,medium,creature_surreal,,,,,,,,,,,
synthetic_creature_035,a purple cave salamander crossing a quiet city street,purple cave salamander,synthetic_creature,synthetic,hard,creature_unusual,,,,,,,,,,,
synthetic_creature_036,a black ice wolf swimming through clear water,black ice wolf,synthetic_creature,synthetic,easy,creature_motion,,,,,,,,,,,
synthetic_creature_037,a black ice wolf resting under a glowing tree,black ice wolf,synthetic_creature,synthetic,easy,creature_rest,,,,,,,,,,,
synthetic_creature_038,a black ice wolf looking at a silver moon,black ice wolf,synthetic_creature,synthetic,medium,creature_scene,,,,,,,,,,,
synthetic_creature_039,a black ice wolf surrounded by floating flowers,black ice wolf,synthetic_creature,synthetic,medium,creature_surreal,,,,,,,,,,,
synthetic_creature_040,a black ice wolf crossing a quiet city street,black ice wolf,synthetic_creature,synthetic,hard,creature_unusual,,,,,,,,,,,
synthetic_creature_041,a teal firefly swarm swimming through clear water,teal firefly swarm,synthetic_creature,synthetic,easy,creature_motion,,,,,,,,,,,
synthetic_creature_042,a teal firefly swarm resting under a glowing tree,teal firefly swarm,synthetic_creature,synthetic,easy,creature_rest,,,,,,,,,,,
synthetic_creature_043,a teal firefly swarm looking at a silver moon,teal firefly swarm,synthetic_creature,synthetic,medium,creature_scene,,,,,,,,,,,
synthetic_creature_044,a teal firefly swarm surrounded by floating flowers,teal firefly swarm,synthetic_creature,synthetic,medium,creature_surreal,,,,,,,,,,,
synthetic_creature_045,a teal firefly swarm crossing a quiet city street,teal firefly swarm,synthetic_creature,synthetic,hard,creature_unusual,,,,,,,,,,,
synthetic_creature_046,a pink coral horse swimming through clear water,pink coral horse,synthetic_creature,synthetic,easy,creature_motion,,,,,,,,,,,
synthetic_creature_047,a pink coral horse resting under a glowing tree,pink coral horse,synthetic_creature,synthetic,easy,creature_rest,,,,,,,,,,,
synthetic_creature_048,a pink coral horse looking at a silver moon,pink coral horse,synthetic_creature,synthetic,medium,creature_scene,,,,,,,,,,,
synthetic_creature_049,a pink coral horse surrounded by floating flowers,pink coral horse,synthetic_creature,synthetic,medium,creature_surreal,,,,,,,,,,,
synthetic_creature_050,a pink coral horse crossing a quiet city street,pink coral horse,synthetic_creature,synthetic,hard,creature_unusual,,,,,,,,,,,
synthetic_action_001,a student studying for an exam in a quiet library,studying for an exam,synthetic_action,synthetic,easy,action_indoor,,,,,,,,,,,
synthetic_action_002,a painter studying for an exam beside a window,studying for an exam,synthetic_action,synthetic,easy,action_person,,,,,,,,,,,
synthetic_action_003,a robot studying for an exam at a small desk,studying for an exam,synthetic_action,synthetic,medium,action_unusual,,,,,,,,,,,
synthetic_action_004,a group of friends studying for an exam under warm lights,studying for an exam,synthetic_action,synthetic,medium,action_group,,,,,,,,,,,
synthetic_action_005,a tiny mascot studying for an exam near a chalkboard,studying for an exam,synthetic_action,synthetic,hard,action_character,,,,,,,,,,,
synthetic_action_006,a knight surrendering in a duel on a grassy field,surrendering in a duel,synthetic_action,synthetic,easy,action_indoor,,,,,,,,,,,
synthetic_action_007,a painter surrendering in a duel beside a window,surrendering in a duel,synthetic_action,synthetic,easy,action_person,,,,,,,,,,,
synthetic_action_008,a robot surrendering in a duel at a small desk,surrendering in a duel,synthetic_action,synthetic,medium,action_unusual,,,,,,,,,,,
synthetic_action_009,a group of friends surrendering in a duel under warm lights,surrendering in a duel,synthetic_action,synthetic,medium,action_group,,,,,,,,,,,
synthetic_action_010,a tiny mascot surrendering in a duel near a chalkboard,surrendering in a duel,synthetic_action,synthetic,hard,action_character,,,,,,,,,,,
synthetic_action_011,a young artist painting a mural in a quiet library,painting a mural,synthetic_action,synthetic,easy,action_indoor,,,,,,,,,,,
synthetic_action_012,a painter painting a mural beside a window,painting a mural,synthetic_action,synthetic,easy,action_person,,,,,,,,,,,
synthetic_action_013,a robot painting a mural at a small desk,painting a mural,synthetic_action,synthetic,medium,action_unusual,,,,,,,,,,,
synthetic_action_014,a group of friends painting a mural under warm lights,painting a mural,synthetic_action,synthetic,medium,action_group,,,,,,,,,,,
synthetic_action_015,a tiny mascot painting a mural near a chalkboard,painting a mural,synthetic_action,synthetic,hard,action_character,,,,,,,,,,,
synthetic_action_016,a mechanic repairing a machine in a quiet library,repairing a machine,synthetic_action,synthetic,easy,action_indoor,,,,,,,,,,,
synthetic_action_017,a painter repairing a machine beside a window,repairing a machine,synthetic_action,synthetic,easy,action_person,,,,,,,,,,,
synthetic_action_018,a robot repairing a machine at a small desk,repairing a machine,synthetic_action,synthetic,medium,action_unusual,,,,,,,,,,,
synthetic_action_019,a group of friends repairing a machine under warm lights,repairing a machine,synthetic_action,synthetic,medium,action_group,,,,,,,,,,,
synthetic_action_020,a tiny mascot repairing a machine near a chalkboard,repairing a machine,synthetic_action,synthetic,hard,action_character,,,,,,,,,,,
synthetic_action_021,a retired coach playing golf in a quiet library,playing golf,synthetic_action,synthetic,easy,action_indoor,,,,,,,,,,,
synthetic_action_022,a painter playing golf beside a window,playing golf,synthetic_action,synthetic,easy,action_person,,,,,,,,,,,
synthetic_action_023,a robot playing golf at a small desk,playing golf,synthetic_action,synthetic,medium,action_unusual,,,,,,,,,,,
synthetic_action_024,a group of friends playing golf under warm lights,playing golf,synthetic_action,synthetic,medium,action_group,,,,,,,,,,,
synthetic_action_025,a tiny mascot playing golf near a chalkboard,playing golf,synthetic_action,synthetic,hard,action_character,,,,,,,,,,,
synthetic_action_026,a child chasing a balloon in a quiet library,chasing a balloon,synthetic_action,synthetic,easy,action_indoor,,,,,,,,,,,
synthetic_action_027,a painter chasing a balloon beside a window,chasing a balloon,synthetic_action,synthetic,easy,action_person,,,,,,,,,,,
synthetic_action_028,a robot chasing a balloon at a small desk,chasing a balloon,synthetic_action,synthetic,medium,action_unusual,,,,,,,,,,,
synthetic_action_029,a group of friends chasing a balloon under warm lights,chasing a balloon,synthetic_action,synthetic,medium,action_group,,,,,,,,,,,
synthetic_action_030,a tiny mascot chasing a balloon near a chalkboard,chasing a balloon,synthetic_action,synthetic,hard,action_character,,,,,,,,,,,
synthetic_action_031,a guard guarding a doorway in a quiet library,guarding a doorway,synthetic_action,synthetic,easy,action_indoor,,,,,,,,,,,
synthetic_action_032,a painter guarding a doorway beside a window,guarding a doorway,synthetic_action,synthetic,easy,action_person,,,,,,,,,,,
synthetic_action_033,a robot guarding a doorway at a small desk,guarding a doorway,synthetic_action,synthetic,medium,action_unusual,,,,,,,,,,,
synthetic_action_034,a group of friends guarding a doorway under warm lights,guarding a doorway,synthetic_action,synthetic,medium,action_group,,,,,,,,,,,
synthetic_action_035,a tiny mascot guarding a doorway near a chalkboard,guarding a doorway,synthetic_action,synthetic,hard,action_character,,,,,,,,,,,
synthetic_action_036,a detective solving a puzzle in a quiet library,solving a puzzle,synthetic_action,synthetic,easy,action_indoor,,,,,,,,,,,
synthetic_action_037,a painter solving a puzzle beside a window,solving a puzzle,synthetic_action,synthetic,easy,action_person,,,,,,,,,,,
synthetic_action_038,a robot solving a puzzle at a small desk,solving a puzzle,synthetic_action,synthetic,medium,action_unusual,,,,,,,,,,,
synthetic_action_039,a group of friends solving a puzzle under warm lights,solving a puzzle,synthetic_action,synthetic,medium,action_group,,,,,,,,,,,
synthetic_action_040,a tiny mascot solving a puzzle near a chalkboard,solving a puzzle,synthetic_action,synthetic,hard,action_character,,,,,,,,,,,
synthetic_action_041,a chef cooking breakfast in a quiet library,cooking breakfast,synthetic_action,synthetic,easy,action_indoor,,,,,,,,,,,
synthetic_action_042,a painter cooking breakfast beside a window,cooking breakfast,synthetic_action,synthetic,easy,action_person,,,,,,,,,,,
synthetic_action_043,a robot cooking breakfast at a small desk,cooking breakfast,synthetic_action,synthetic,medium,action_unusual,,,,,,,,,,,
synthetic_action_044,a group of friends cooking breakfast under warm lights,cooking breakfast,synthetic_action,synthetic,medium,action_group,,,,,,,,,,,
synthetic_action_045,a tiny mascot cooking breakfast near a chalkboard,cooking breakfast,synthetic_action,synthetic,hard,action_character,,,,,,,,,,,
synthetic_action_046,a traveler reading a map in a quiet library,reading a map,synthetic_action,synthetic,easy,action_indoor,,,,,,,,,,,
synthetic_action_047,a painter reading a map beside a window,reading a map,synthetic_action,synthetic,easy,action_person,,,,,,,,,,,
synthetic_action_048,a robot reading a map at a small desk,reading a map,synthetic_action,synthetic,medium,action_unusual,,,,,,,,,,,
synthetic_action_049,a group of friends reading a map under warm lights,reading a map,synthetic_action,synthetic,medium,action_group,,,,,,,,,,,
synthetic_action_050,a tiny mascot reading a map near a chalkboard,reading a map,synthetic_action,synthetic,hard,action_character,,,,,,,,,,,
adidas_1777_346,"A dynamic technical footwear design featuring triple-stripe pattern and geometric precision sports shoe hero shot on minimalist background highlighting triple-stripe textures wrapping around the shoe, neon color accents highlighting dynamic structure, and textile mesh detail with micro shadows, photographed on a minimal gradient background with spotlight under under high-contrast spotlight from above, rendered in cinematic advertising photography aesthetic.",adidas,unbranding_brand,unbranding,,,biased,1777,adidas_1777_346,,,,,,,,
adidas_1395_499,"A sleek sportswear with curved airflow lines floating sport tee product shot showing matte and glossy fabric contrast, curved line suggesting motion, and three stripe motif, placed on folded stack of other garments under with neon blue or orange edge light, in realistic clothing visualization.",adidas,unbranding_brand,unbranding,,,biased,1395,adidas_1395_499,,,,,,,,
adidas_1350_500,"A minimalist sportswear with curved airflow lines folded athletic tee with logo area visible showing three stripe motif, matte and glossy fabric contrast, and mesh ventilation detail, placed on folded stack of other garments under with rim light on contours, in studio product photo.",adidas,unbranding_brand,unbranding,,,biased,1350,adidas_1350_500,,,,,,,,
adidas_1808_501,"A dynamic sportswear with curved airflow lines close-up of chest logo and fabric texture showing mesh ventilation detail, three stripe motif, and curved line suggesting motion, placed on folded stack of other garments under with soft studio lighting, in studio product photo.",adidas,unbranding_brand,unbranding,,,biased,1808,adidas_1808_501,,,,,,,,
adidas_1874_502,"A energetic sportswear with curved airflow lines floating sport tee product shot showing mesh ventilation detail, reflective print logo, and three stripe motif, placed floating over neutral background under with neon blue or orange edge light, in realistic clothing visualization.",adidas,unbranding_brand,unbranding,,,biased,1874,adidas_1874_502,,,,,,,,
adidas_509628_1049,a realistic photo of the adidas t-shirt with blurred background,adidas,unbranding_brand,unbranding,,,directed,509628,adidas_509628_1049,,,,,,,,
adidas_206358_1050,a studio-style photo of the adidas t-shirt in a studio setting,adidas,unbranding_brand,unbranding,,,directed,206358,adidas_206358_1050,,,,,,,,
adidas_332525_1051,a soft-lit photo of the adidas t-shirt with blurred background,adidas,unbranding_brand,unbranding,,,directed,332525,adidas_332525_1051,,,,,,,,
adidas_404425_1052,a minimalist photo of the adidas t-shirt at night with city lights,adidas,unbranding_brand,unbranding,,,directed,404425,adidas_404425_1052,,,,,,,,
adidas_964738_1053,a cinematic photo of the adidas t-shirt on display in store,adidas,unbranding_brand,unbranding,,,directed,964738,adidas_964738_1053,,,,,,,,
apple_1870_430,"A minimalist high-end product packaging with precise geometry and white background closed laptop lid with centered logo zone featuring glossy glass back panel with reflective highlight, smooth metallic texture and soft edges, and centered logo shape resembling a geometric icon, placed on a white reflective desk surface under with subtle rim light along edges, in commercial technology render.",apple,unbranding_brand,unbranding,,,biased,1870,apple_1870_430,,,,,,,,
apple_1721_431,"A modern matte metallic finish and clean symmetry closed laptop lid with centered logo zone featuring precise chamfered aluminum frame, glossy glass back panel with reflective highlight, and centered logo shape resembling a geometric icon, placed in clean workspace layout with neutral tones under with bright overhead illumination, in commercial technology render.",apple,unbranding_brand,unbranding,,,biased,1721,apple_1721_431,,,,,,,,
apple_1369_432,"A minimalist minimalist design language with centered logo placement back of a smartphone on soft background featuring precise chamfered aluminum frame, minimalistic packaging with thin sans-serif typography, and glossy glass back panel with reflective highlight, placed on a white reflective desk surface under under cool white LED lighting, in realistic 3D visualization.",apple,unbranding_brand,unbranding,,,biased,1369,apple_1369_432,,,,,,,,
apple_1349_433,"A minimalist matte metallic finish and clean symmetry closed laptop lid with centered logo zone featuring silver, graphite, and white tones suggesting luxury, minimalistic packaging with thin sans-serif typography, and symmetrical camera bump or lens area, placed inside a minimal product photo studio under under diffused soft light emphasizing reflections, in commercial technology render.",apple,unbranding_brand,unbranding,,,biased,1349,apple_1349_433,,,,,,,,
apple_1822_434,"A minimalist minimalist design language with centered logo placement workspace setup with closed device and accessories featuring matte gray or blue finish hinting at premium device, glossy glass back panel with reflective highlight, and silver, graphite, and white tones suggesting luxury, placed inside a minimal product photo studio under with subtle rim light along edges, in advertising shot for premium tech brand.",apple,unbranding_brand,unbranding,,,biased,1822,apple_1822_434,,,,,,,,
apple_275665_930,a high-quality photo of the apple laptop next to modern building,apple,unbranding_brand,unbranding,,,directed,275665,apple_275665_930,,,,,,,,
apple_428618_931,a detailed photo of the apple laptop in motion,apple,unbranding_brand,unbranding,,,directed,428618,apple_428618_931,,,,,,,,
apple_72611_932,a soft-lit photo of the apple laptop with blurred background,apple,unbranding_brand,unbranding,,,directed,72611,apple_72611_932,,,,,,,,
apple_433618_933,a studio-style photo of the apple laptop in a studio setting,apple,unbranding_brand,unbranding,,,directed,433618,apple_433618_933,,,,,,,,
apple_335699_934,a modern photo of the apple laptop with reflection on surface,apple,unbranding_brand,unbranding,,,directed,335699,apple_335699_934,,,,,,,,
audi_1098_33,"A sporty German coupe featuring sport-inspired diffuser, twin-kidney front grille, and sharply defined body lines, captured in in a modern studio under during golden hour, rendered in photorealistic render.",audi,unbranding_brand,unbranding,,,biased,1098,audi_1098_33,,,,,,,,
audi_1987_49,"A aggressive German sedan featuring performance-oriented stance, muscular wheel arches, and blue and white accents, captured in in a futuristic showroom under during golden hour, rendered in photorealistic render.",audi,unbranding_brand,unbranding,,,biased,1987,audi_1987_49,,,,,,,,
audi_1683_55,"A luxury German sedan featuring aerodynamic silhouette, dynamic LED headlights, and twin-kidney front grille, captured in in a night city scene under with studio flash reflections, rendered in photorealistic render.",audi,unbranding_brand,unbranding,,,biased,1683,audi_1683_55,,,,,,,,
audi_1828_56,"A sporty German coupe featuring sharply defined body lines, sport-inspired diffuser, and high-gloss black details, captured in in a modern studio under with cinematic lighting, rendered in photorealistic render.",audi,unbranding_brand,unbranding,,,biased,1828,audi_1828_56,,,,,,,,
audi_1163_58,"A sporty German sedan featuring aerodynamic silhouette, dynamic LED headlights, and sport-inspired diffuser, captured in in a modern studio under with studio flash reflections, rendered in cinematic film still.",audi,unbranding_brand,unbranding,,,biased,1163,audi_1163_58,,,,,,,,
audi_871264_876,a vibrant photo of the audi car in motion,audi,unbranding_brand,unbranding,,,directed,871264,audi_871264_876,,,,,,,,
audi_496362_877,a vibrant photo of the audi car in motion,audi,unbranding_brand,unbranding,,,directed,496362,audi_496362_877,,,,,,,,
audi_428709_878,a high-quality photo of the audi car in desert environment,audi,unbranding_brand,unbranding,,,directed,428709,audi_428709_878,,,,,,,,
audi_14020_879,a modern photo of the audi car on runway,audi,unbranding_brand,unbranding,,,directed,14020,audi_14020_879,,,,,,,,
audi_237457_880,a cinematic photo of the audi car under bright sunlight,audi,unbranding_brand,unbranding,,,directed,237457,audi_237457_880,,,,,,,,
bmw_1114_32,"A sporty German sedan featuring twin-kidney front grille, aerodynamic silhouette, and blue and white accents, captured in on a mountain road under during golden hour, rendered in photorealistic render.",bmw,unbranding_brand,unbranding,,,biased,1114,bmw_1114_32,,,,,,,,
bmw_1292_34,"A modern German coupe featuring low aggressive front end, muscular wheel arches, and twin-kidney front grille, captured in in a night city scene under with cinematic lighting, rendered in 8k ultra-detailed shot.",bmw,unbranding_brand,unbranding,,,biased,1292,bmw_1292_34,,,,,,,,
bmw_1121_36,"A aggressive German coupe featuring sport-inspired diffuser, blue and white accents, and high-gloss black details, captured in in a futuristic showroom under during golden hour, rendered in photorealistic render.",bmw,unbranding_brand,unbranding,,,biased,1121,bmw_1121_36,,,,,,,,
bmw_1113_38,"A modern German SUV featuring high-gloss black details, sport-inspired diffuser, and blue and white accents, captured in on a racetrack under during golden hour, rendered in photorealistic render.",bmw,unbranding_brand,unbranding,,,biased,1113,bmw_1113_38,,,,,,,,
bmw_1575_39,"A sporty German sedan featuring sharply defined body lines, blue and white accents, and dynamic LED headlights, captured in in a modern studio under with cinematic lighting, rendered in photorealistic render.",bmw,unbranding_brand,unbranding,,,biased,1575,bmw_1575_39,,,,,,,,
bmw_408540_765,a modern photo of the bmw car with reflection on surface,bmw,unbranding_brand,unbranding,,,directed,408540,bmw_408540_765,,,,,,,,
bmw_562231_766,a detailed photo of the bmw car on street during daytime,bmw,unbranding_brand,unbranding,,,directed,562231,bmw_562231_766,,,,,,,,
bmw_703873_767,a cinematic photo of the bmw car in motion,bmw,unbranding_brand,unbranding,,,directed,703873,bmw_703873_767,,,,,,,,
bmw_722397_768,a studio-style photo of the bmw car in desert environment,bmw,unbranding_brand,unbranding,,,directed,722397,bmw_722397_768,,,,,,,,
bmw_740751_769,a studio-style photo of the bmw car on display in store,bmw,unbranding_brand,unbranding,,,directed,740751,bmw_740751_769,,,,,,,,
coca-cola_1181_280,"A refreshing American soda can featuring frosted surface, bold red and white branding, and crisply detailed label, captured in in a cinematic close-up scene under with cinematic reflections, rendered in ultra-detailed 8k product shot.",coca-cola,unbranding_brand,unbranding,,,biased,1181,coca-cola_1181_280,,,,,,,,
coca-cola_1531_281,"A refreshing American soda can featuring condensation droplets, realistic reflections, and crisply detailed label, captured in in a cinematic close-up scene under with cinematic reflections, rendered in commercial advertisement render.",coca-cola,unbranding_brand,unbranding,,,biased,1531,coca-cola_1531_281,,,,,,,,
coca-cola_1975_282,"A refreshing American glass bottle featuring bold red and white branding, glistening ice cubes, and realistic reflections, captured in on a beach table under with studio lighting, rendered in photorealistic render.",coca-cola,unbranding_brand,unbranding,,,biased,1975,coca-cola_1975_282,,,,,,,,
coca-cola_1452_283,"A iconic American soda can featuring glistening ice cubes, realistic carbonation bubbles, and crisply detailed label, captured in in a modern kitchen under with studio lighting, rendered in ultra-detailed 8k product shot.",coca-cola,unbranding_brand,unbranding,,,biased,1452,coca-cola_1452_283,,,,,,,,
coca-cola_1030_284,"A iconic American glass bottle featuring bold red and white branding, frosted surface, and dynamic splash effects, captured in in a studio setup with ice under during golden hour, rendered in commercial advertisement render.",coca-cola,unbranding_brand,unbranding,,,biased,1030,coca-cola_1030_284,,,,,,,,
coca-cola_854510_1152,a vibrant photo of the coca-cola bottle at night with city lights,coca-cola,unbranding_brand,unbranding,,,directed,854510,coca-cola_854510_1152,,,,,,,,
coca-cola_149438_1153,a vibrant photo of the coca-cola bottle next to modern building,coca-cola,unbranding_brand,unbranding,,,directed,149438,coca-cola_149438_1153,,,,,,,,
coca-cola_552014_1154,a vibrant photo of the coca-cola bottle on street during daytime,coca-cola,unbranding_brand,unbranding,,,directed,552014,coca-cola_552014_1154,,,,,,,,
coca-cola_618760_1155,a studio-style photo of the coca-cola bottle under bright sunlight,coca-cola,unbranding_brand,unbranding,,,directed,618760,coca-cola_618760_1155,,,,,,,,
coca-cola_738308_1156,a soft-lit photo of the coca-cola bottle on runway,coca-cola,unbranding_brand,unbranding,,,directed,738308,coca-cola_738308_1156,,,,,,,,
emirates_1229_5,"A majestic luxury airline aesthetic with white fuselage and gold or red accents jet taking off with side profile view and heat haze showing detailed landing gear and undercarriage lighting, gold and red tail fin with smooth typography, and blue and gold horizontal stripe along fuselage, captured parked on Dubai airport apron with desert backdrop under with warm sunset glow highlighting fuselage, in high-detail aircraft spotting photo.",emirates,unbranding_brand,unbranding,,,biased,1229,emirates_1229_5,,,,,,,,
emirates_1488_8,"A dynamic luxury airline aesthetic with white fuselage and gold or red accents airliner flying mid-air with visible wings and tail showing luxury airline logo area near cockpit and tail, gold and red tail fin with smooth typography, and blue and gold horizontal stripe along fuselage, captured parked on Dubai airport apron with desert backdrop under under diffused cloudy sky, in aviation photography aesthetic.",emirates,unbranding_brand,unbranding,,,biased,1488,emirates_1488_8,,,,,,,,
emirates_1019_10,"A realistic global aviation brand look with elegant tail fin graphics aircraft landing with flaps extended and side lighting showing large engines with polished metal details, clean white airplane body with flag near rear section, and luxury airline logo area near cockpit and tail, captured parked on Dubai airport apron with desert backdrop under with runway reflections and ambient lights, in realistic 3D airliner render.",emirates,unbranding_brand,unbranding,,,biased,1019,emirates_1019_10,,,,,,,,
emirates_1853_15,"A cinematic international airline livery featuring smooth curves and metallic shine airliner flying mid-air with visible wings and tail showing gold and red tail fin with smooth typography, detailed landing gear and undercarriage lighting, and clean white airplane body with flag near rear section, captured parked on Dubai airport apron with desert backdrop under with warm sunset glow highlighting fuselage, in high-detail aircraft spotting photo.",emirates,unbranding_brand,unbranding,,,biased,1853,emirates_1853_15,,,,,,,,
emirates_1722_18,"A sleek global aviation brand look with elegant tail fin graphics jet taking off with side profile view and heat haze showing gold and red tail fin with smooth typography, large engines with polished metal details, and luxury airline logo area near cockpit and tail, captured parked on Dubai airport apron with desert backdrop under with warm sunset glow highlighting fuselage, in high-detail aircraft spotting photo.",emirates,unbranding_brand,unbranding,,,biased,1722,emirates_1722_18,,,,,,,,
emirates_412968_648,a detailed photo of the emirates airplane in a studio setting,emirates,unbranding_brand,unbranding,,,directed,412968,emirates_412968_648,,,,,,,,
emirates_704167_649,a minimalist photo of the emirates airplane next to modern building,emirates,unbranding_brand,unbranding,,,directed,704167,emirates_704167_649,,,,,,,,
emirates_348639_650,a professional photo of the emirates airplane on a white background,emirates,unbranding_brand,unbranding,,,directed,348639,emirates_348639_650,,,,,,,,
emirates_588012_651,a studio-style photo of the emirates airplane under bright sunlight,emirates,unbranding_brand,unbranding,,,directed,588012,emirates_588012_651,,,,,,,,
emirates_549115_652,a detailed photo of the emirates airplane under bright sunlight,emirates,unbranding_brand,unbranding,,,directed,549115,emirates_549115_652,,,,,,,,
mcdonalds_2608_563,"A colorful a fast-food brand restaurant exterior featuring retro seating and décor, drive-thru menu board, and parking area with cars and neon reflections, captured on a busy highway corner under with soft indoor illumination, rendered in urban night photography aesthetic.",mcdonalds,unbranding_brand,unbranding,,,biased,2608,mcdonalds_2608_563,,,,,,,,
mcdonalds_1270_564,"A highly detailed a fast-food brand promotional billboard featuring drive-thru menu board, large illuminated signage, and advertising props and lighting setup, captured outside during a rainy night with reflections under during golden hour with soft shadows, rendered in photorealistic 3D render.",mcdonalds,unbranding_brand,unbranding,,,biased,1270,mcdonalds_1270_564,,,,,,,,
mcdonalds_1908_565,"A cinematic a fast-food brand food packaging design featuring parking area with cars and neon reflections, distinctive brand colors and logos, and branding posters and banners, captured in an urban street setting under under cool daylight tones, rendered in urban night photography aesthetic.",mcdonalds,unbranding_brand,unbranding,,,biased,1908,mcdonalds_1908_565,,,,,,,,
mcdonalds_2305_566,"A vibrant a fast-food brand restaurant interior featuring drive-thru menu board, paper packaging with printed logo, and branding posters and banners, captured outside during a rainy night with reflections under with soft indoor illumination, rendered in commercial advertisement photograph.",mcdonalds,unbranding_brand,unbranding,,,biased,2305,mcdonalds_2305_566,,,,,,,,
mcdonalds_2325_567,"A modern a fast-food brand parking lot scene featuring menu screens with bright graphics, distinctive brand colors and logos, and drive-thru menu board, captured outside during a rainy night with reflections under with soft indoor illumination, rendered in ultra-detailed 8k cinematic render.",mcdonalds,unbranding_brand,unbranding,,,biased,2325,mcdonalds_2325_567,,,,,,,,
mcdonalds_849075_1208,a studio-style photo of the mcdonalds restaurant with reflection on surface,mcdonalds,unbranding_brand,unbranding,,,directed,849075,mcdonalds_849075_1208,,,,,,,,
mcdonalds_906404_1209,a minimalist photo of the mcdonalds restaurant on street during daytime,mcdonalds,unbranding_brand,unbranding,,,directed,906404,mcdonalds_906404_1209,,,,,,,,
mcdonalds_873486_1210,a modern photo of the mcdonalds restaurant on display in store,mcdonalds,unbranding_brand,unbranding,,,directed,873486,mcdonalds_873486_1210,,,,,,,,
mcdonalds_483549_1211,a vibrant photo of the mcdonalds restaurant in a restaurant interior,mcdonalds,unbranding_brand,unbranding,,,directed,483549,mcdonalds_483549_1211,,,,,,,,
mcdonalds_483276_1212,a minimalist photo of the mcdonalds restaurant on display in store,mcdonalds,unbranding_brand,unbranding,,,directed,483276,mcdonalds_483276_1212,,,,,,,,
mercedes_1754_35,"A aggressive German SUV featuring muscular wheel arches, twin-kidney front grille, and blue and white accents, captured in on a racetrack under during golden hour, rendered in 8k ultra-detailed shot.",mercedes,unbranding_brand,unbranding,,,biased,1754,mercedes_1754_35,,,,,,,,
mercedes_1205_37,"A modern German coupe featuring high-gloss black details, dynamic LED headlights, and twin-kidney front grille, captured in in a modern studio under with studio flash reflections, rendered in 8k ultra-detailed shot.",mercedes,unbranding_brand,unbranding,,,biased,1205,mercedes_1205_37,,,,,,,,
mercedes_1033_40,"A sporty German sedan featuring dynamic LED headlights, performance-oriented stance, and sharply defined body lines, captured in on a mountain road under during golden hour, rendered in concept car render.",mercedes,unbranding_brand,unbranding,,,biased,1033,mercedes_1033_40,,,,,,,,
mercedes_1226_41,"A modern German coupe featuring performance-oriented stance, blue and white accents, and low aggressive front end, captured in in a modern studio under with studio flash reflections, rendered in concept car render.",mercedes,unbranding_brand,unbranding,,,biased,1226,mercedes_1226_41,,,,,,,,
mercedes_1420_44,"A elegant German SUV featuring blue and white accents, high-gloss black details, and sharply defined body lines, captured in on a racetrack under with studio flash reflections, rendered in cinematic film still.",mercedes,unbranding_brand,unbranding,,,biased,1420,mercedes_1420_44,,,,,,,,
mercedes_549608_820,a detailed photo of the mercedes car under bright sunlight,mercedes,unbranding_brand,unbranding,,,directed,549608,mercedes_549608_820,,,,,,,,
mercedes_719543_821,a studio-style photo of the mercedes car in desert environment,mercedes,unbranding_brand,unbranding,,,directed,719543,mercedes_719543_821,,,,,,,,
mercedes_577074_822,a detailed photo of the mercedes car on street during daytime,mercedes,unbranding_brand,unbranding,,,directed,577074,mercedes_577074_822,,,,,,,,
mercedes_865449_823,a cinematic photo of the mercedes car with blurred background,mercedes,unbranding_brand,unbranding,,,directed,865449,mercedes_865449_823,,,,,,,,
mercedes_37625_824,a minimalist photo of the mercedes car at night with city lights,mercedes,unbranding_brand,unbranding,,,directed,37625,mercedes_37625_824,,,,,,,,
monster_1469_347,"A intense premium energy drink can featuring adrenaline motion capture framing, metallic shine with red accent highlights, and realistic carbonation bubbles, captured in a futuristic studio setup surrounded by energy light streaks under with high-contrast studio lighting, rendered in photorealistic render.",monster,unbranding_brand,unbranding,,,biased,1469,monster_1469_347,,,,,,,,
monster_1880_348,"A intense premium energy drink can featuring high-performance aesthetic detailing, metallic shine with red accent highlights, and dynamic splash or impact effect, captured in a mountain sports environment with snow and ice particles under with high-contrast studio lighting, rendered in ultra-detailed 8k product shot.",monster,unbranding_brand,unbranding,,,biased,1880,monster_1880_348,,,,,,,,
monster_1076_349,"A intense premium energy drink can featuring macro droplets with depth-of-field blur, aluminum surface reflections, and condensation droplets, captured in a cinematic close-up with splashing water and vapor under with cinematic reflections and light flares, rendered in ultra-detailed 8k product shot.",monster,unbranding_brand,unbranding,,,biased,1076,monster_1076_349,,,,,,,,
monster_1156_350,"A intense premium energy drink can featuring condensation droplets, metallic shine with red accent highlights, and dynamic splash or impact effect, captured in a high-speed wind tunnel scene under under dynamic backlight with cold reflections, rendered in ultra-detailed 8k product shot.",monster,unbranding_brand,unbranding,,,biased,1156,monster_1156_350,,,,,,,,
monster_1946_351,"A sleek premium energy drink can featuring high-performance aesthetic detailing, adrenaline motion capture framing, and macro droplets with depth-of-field blur, captured beside a racing helmet and tire marks under during golden hour with cool color balance, rendered in cinematic still frame with dynamic energy motion.",monster,unbranding_brand,unbranding,,,biased,1946,monster_1946_351,,,,,,,,
monster_573591_1261,a minimalist photo of the monster energy drink at night with city lights,monster,unbranding_brand,unbranding,,,directed,573591,monster_573591_1261,,,,,,,,
monster_945164_1262,a vibrant photo of the monster energy drink on a white background,monster,unbranding_brand,unbranding,,,directed,945164,monster_945164_1262,,,,,,,,
monster_32466_1263,a minimalist photo of the monster can in motion,monster,unbranding_brand,unbranding,,,directed,32466,monster_32466_1263,,,,,,,,
monster_668667_1264,a detailed photo of the monster can on display in store,monster,unbranding_brand,unbranding,,,directed,668667,monster_668667_1264,,,,,,,,
monster_140548_1265,a professional photo of the monster can in a studio setting,monster,unbranding_brand,unbranding,,,directed,140548,monster_140548_1265,,,,,,,,
nike_1063_1647,"A cinematic performance running shoe aesthetic with swoosh-inspired curvature and sense of motion floating athletic shoe product render with motion blur highlighting reflections on rubber sole and glossy surfaces, light rays and particles emphasizing shape, and contrast between matte fabric and reflective layers, photographed on a minimal gradient background with spotlight under high-contrast spotlight from above, rendered in commercial macro studio shot.",nike,unbranding_brand,unbranding,,,biased,1063,nike_1063_1647,,,,,,,,
nike_1759_1648,"A dynamic performance running shoe aesthetic with swoosh-inspired curvature and sense of motion floating athletic shoe product render with motion blur highlighting textile mesh detail with micro shadows, midsole foam and tread texture rendered sharply, and light rays and particles emphasizing shape, photographed in a dark studio with backlit fog and reflective floor under with neon edge lighting highlighting contours, rendered in dynamic 3D product visualization.",nike,unbranding_brand,unbranding,,,biased,1759,nike_1759_1648,,,,,,,,
nike_1287_1649,"A powerful performance running shoe aesthetic with swoosh-inspired curvature and sense of motion shoe silhouette captured in cinematic spotlight highlighting subtle motion blur suggesting fast movement, textile mesh detail with micro shadows, and reflections on rubber sole and glossy surfaces, photographed in a dark studio with backlit fog and reflective floor under cool LED illumination with sharp reflections, rendered in premium lifestyle sneaker campaign visual.",nike,unbranding_brand,unbranding,,,biased,1287,nike_1287_1649,,,,,,,,
nike_1569_1650,"A modern performance running shoe aesthetic with swoosh-inspired curvature and sense of motion macro photography of mesh and material details highlighting neon color accents highlighting dynamic structure, midsole foam and tread texture rendered sharply, and subtle motion blur suggesting fast movement, photographed on a minimal gradient background with spotlight under with backlight emphasizing the shoe silhouette, rendered in cinematic advertising photography aesthetic.",nike,unbranding_brand,unbranding,,,biased,1569,nike_1569_1650,,,,,,,,
nike_1566_1651,"An ultra-detailed performance running shoe aesthetic with swoosh-inspired curvature and sense of motion studio advertising composition featuring sneakers only highlighting sweeping aerodynamic curvature of the shoe silhouette, midsole foam and tread texture rendered sharply, and swoosh-shaped lines suggesting speed and motion, photographed floating above reflective black glass surface under cool LED illumination with sharp reflections, rendered in ultra-detailed 8k footwear product render.",nike,unbranding_brand,unbranding,,,biased,1566,nike_1566_1651,,,,,,,,
nike_346507_986,a professional photo of the nike t-shirt on street during daytime,nike,unbranding_brand,unbranding,,,directed,346507,nike_346507_986,,,,,,,,
nike_867588_987,a soft-lit photo of the nike t-shirt on a white background,nike,unbranding_brand,unbranding,,,directed,867588,nike_867588_987,,,,,,,,
nike_112173_988,a professional photo of the nike shoe at night with city lights,nike,unbranding_brand,unbranding,,,directed,112173,nike_112173_988,,,,,,,,
nike_163689_989,a modern photo of the nike shoe in natural daylight,nike,unbranding_brand,unbranding,,,directed,163689,nike_163689_989,,,,,,,,
nike_290705_990,a detailed photo of the nike shoe in a restaurant interior,nike,unbranding_brand,unbranding,,,directed,290705,nike_290705_990,,,,,,,,
puma_1115_1714,"A minimalist neutral athletic style with clean geometry close-up of chest logo and fabric texture showing reflective leaping-cat emblem, engineered mesh ventilation detail, and matte-plus-gloss fabric contrast, placed floating over neutral background under soft studio lighting, in studio product photo.",puma,unbranding_brand,unbranding,,,biased,1115,puma_1115_1714,,,,,,,,
puma_1092_1715,"A minimalist neutral athletic style with clean geometry stack of sport shirts in assorted colors showing formstrip sweep suggesting motion, reflective leaping-cat emblem, and matte-plus-gloss fabric contrast, placed surrounded by orange shoe box packaging under rim light on contours, in advertising shot.",puma,unbranding_brand,unbranding,,,biased,1092,puma_1092_1715,,,,,,,,
puma_1908_1716,"A dynamic sportswear with curved airflow lines folded athletic tee with logo area visible showing feline contour accent, formstrip sweep suggesting motion, and matte-plus-gloss fabric contrast, placed in a studio with soft gradient background under bright spotlight, in advertising shot.",puma,unbranding_brand,unbranding,,,biased,1908,puma_1908_1716,,,,,,,,
puma_1611_1717,"A sleek sportswear with curved airflow lines folded athletic tee with logo area visible showing formstrip sweep suggesting motion, feline contour accent, and reflective leaping-cat emblem, placed in a studio with soft gradient background under rim light on contours, in high-detail 3D apparel render.",puma,unbranding_brand,unbranding,,,biased,1611,puma_1611_1717,,,,,,,,
puma_1079_1718,"A dynamic neutral athletic style with clean geometry floating sport tee product shot showing reflective leaping-cat emblem, matte-plus-gloss fabric contrast, and engineered mesh ventilation detail, placed in a studio with soft gradient background under rim light on contours, in high-detail 3D apparel render.",puma,unbranding_brand,unbranding,,,biased,1079,puma_1079_1718,,,,,,,,
puma_141800_1103,a soft-lit photo of the puma t-shirt at night with city lights,puma,unbranding_brand,unbranding,,,directed,141800,puma_141800_1103,,,,,,,,
puma_807066_1104,a modern photo of the puma t-shirt in natural daylight,puma,unbranding_brand,unbranding,,,directed,807066,puma_807066_1104,,,,,,,,
puma_680152_1105,a modern photo of the puma t-shirt next to modern building,puma,unbranding_brand,unbranding,,,directed,680152,puma_680152_1105,,,,,,,,
puma_272649_1106,a detailed photo of the puma t-shirt on street during daytime,puma,unbranding_brand,unbranding,,,directed,272649,puma_272649_1106,,,,,,,,
puma_611714_1107,a realistic photo of the puma t-shirt next to modern building,puma,unbranding_brand,unbranding,,,directed,611714,puma_611714_1107,,,,,,,,
singapore_airlines_1886_0,"A cinematic luxury airline aesthetic with white fuselage and gold or red accents aircraft landing with flaps extended and side lighting showing clean white airplane body with flag near rear section, reflective fuselage with sunlight highlights, and blue and gold horizontal stripe along fuselage, captured taxiing on Singapore airport runway with tropical background under under diffused cloudy sky, in advertising-style airline image.",singapore_airlines,unbranding_brand,unbranding,,,biased,1886,singapore_airlines_1886_0,,,,,,,,
singapore_airlines_1458_1,"A sleek global aviation brand look with elegant tail fin graphics jet taking off with side profile view and heat haze showing detailed landing gear and undercarriage lighting, blue and gold horizontal stripe along fuselage, and gold and red tail fin with smooth typography, captured taxiing on Singapore airport runway with tropical background under with soft golden-hour sunlight, in advertising-style airline image.",singapore_airlines,unbranding_brand,unbranding,,,biased,1458,singapore_airlines_1458_1,,,,,,,,
singapore_airlines_1253_2,"A sleek premium Asian carrier style with dark blue and gold stripe pattern jet taking off with side profile view and heat haze showing luxury airline logo area near cockpit and tail, large engines with polished metal details, and clean white airplane body with flag near rear section, captured taxiing on Singapore airport runway with tropical background under with soft golden-hour sunlight, in advertising-style airline image.",singapore_airlines,unbranding_brand,unbranding,,,biased,1253,singapore_airlines_1253_2,,,,,,,,
singapore_airlines_1900_3,"A sleek global aviation brand look with elegant tail fin graphics airliner flying mid-air with visible wings and tail showing blue and gold horizontal stripe along fuselage, large engines with polished metal details, and clean white airplane body with flag near rear section, captured taxiing on Singapore airport runway with tropical background under under bright daylight with clear shadows, in aviation photography aesthetic.",singapore_airlines,unbranding_brand,unbranding,,,biased,1900,singapore_airlines_1900_3,,,,,,,,
singapore_airlines_1356_4,"A realistic premium Asian carrier style with dark blue and gold stripe pattern airliner taxiing on tarmac with visible tail and engines showing clean white airplane body with flag near rear section, reflective fuselage with sunlight highlights, and blue and gold horizontal stripe along fuselage, captured taxiing on Singapore airport runway with tropical background under under bright daylight with clear shadows, in high-detail aircraft spotting photo.",singapore_airlines,unbranding_brand,unbranding,,,biased,1356,singapore_airlines_1356_4,,,,,,,,
singapore_airlines_34299_709,a professional photo of the singapore airlines airplane under bright sunlight,singapore_airlines,unbranding_brand,unbranding,,,directed,34299,singapore_airlines_34299_709,,,,,,,,
singapore_airlines_82718_710,a cinematic photo of the singapore airlines airplane in motion,singapore_airlines,unbranding_brand,unbranding,,,directed,82718,singapore_airlines_82718_710,,,,,,,,
singapore_airlines_372176_711,a soft-lit photo of the singapore airlines airplane at night with city lights,singapore_airlines,unbranding_brand,unbranding,,,directed,372176,singapore_airlines_372176_711,,,,,,,,
singapore_airlines_909077_712,a cinematic photo of the singapore airlines airplane on display in store,singapore_airlines,unbranding_brand,unbranding,,,directed,909077,singapore_airlines_909077_712,,,,,,,,
singapore_airlines_241848_713,a modern photo of the singapore airlines airplane next to modern building,singapore_airlines,unbranding_brand,unbranding,,,directed,241848,singapore_airlines_241848_713,,,,,,,,
celebcaption_abel_tesfaye_001_summary_with_name,Abel Tesfaye with dreadlocks and beard in indoor dim setting.,abel tesfaye,celebcaption_public_figure,celebcaption,,,,,,summary_with_name,1.jpg,abel_tesfaye.jsonl,,,,,
celebcaption_abel_tesfaye_002_summary_with_name,Abel Tesfaye smiling and enjoying a lively moment indoors.,abel tesfaye,celebcaption_public_figure,celebcaption,,,,,,summary_with_name,2.jpg,abel_tesfaye.jsonl,,,,,
celebcaption_abel_tesfaye_003_summary_with_name,Abel Tesfaye poses with striking shadow silhouettes behind him.,abel tesfaye,celebcaption_public_figure,celebcaption,,,,,,summary_with_name,3.jpg,abel_tesfaye.jsonl,,,,,
celebcaption_abel_tesfaye_004_detailed_with_name,"Abel Tesfaye is seated on a vintage, black chest with brass accents, dressed in an all-black outfit consisting of a jacket and pants. He looks directly at the camera with a composed expression against a dark background.",abel tesfaye,celebcaption_public_figure,celebcaption,,,,,,detailed_with_name,4.jpg,abel_tesfaye.jsonl,,,,,
celebcaption_abel_tesfaye_005_detailed_with_name,"Abel Tesfaye is pictured adjusting his tuxedo jacket while looking towards the camera. He is standing in front of a mirror, showing his reflection dressed in a classic black tuxedo with a bow tie and a white dress shirt underneath.",abel tesfaye,celebcaption_public_figure,celebcaption,,,,,,detailed_with_name,5.jpg,abel_tesfaye.jsonl,,,,,
celebcaption_al_pacino_001_summary_with_name,Close-up portrait of Al Pacino with an intense gaze.,al pacino,celebcaption_public_figure,celebcaption,,,,,,summary_with_name,1.jpg,al_pacino.jsonl,,,,,
celebcaption_al_pacino_002_summary_with_name,Al Pacino in a contemplative close-up wearing classic 1970s attire.,al pacino,celebcaption_public_figure,celebcaption,,,,,,summary_with_name,2.jpg,al_pacino.jsonl,,,,,
celebcaption_al_pacino_003_summary_with_name,Al Pacino in a serious close-up with suit and tie.,al pacino,celebcaption_public_figure,celebcaption,,,,,,summary_with_name,3.jpg,al_pacino.jsonl,,,,,
celebcaption_al_pacino_004_detailed_with_name,"The image features a close-up of Al Pacino, highlighting his expressive eyes and rugged facial features, capturing a serious and contemplative expression.",al pacino,celebcaption_public_figure,celebcaption,,,,,,detailed_with_name,4.jpg,al_pacino.jsonl,,,,,
celebcaption_al_pacino_005_detailed_with_name,"The image is a close-up black-and-white portrait of Al Pacino, showing his pensive expression with his hands covering his mouth. His dark hair is slightly tousled, and his eyes gaze off to the side, conveying a contemplative mood.",al pacino,celebcaption_public_figure,celebcaption,,,,,,detailed_with_name,5.jpg,al_pacino.jsonl,,,,,
celebcaption_alan_rickman_001_summary_with_name,"Alan Rickman shares an intimate, emotional moment with a woman.",alan rickman,celebcaption_public_figure,celebcaption,,,,,,summary_with_name,1.jpg,alan_rickman.jsonl,,,,,
celebcaption_alan_rickman_002_summary_with_name,Portrait of Alan Rickman with a soft smile and styled hair.,alan rickman,celebcaption_public_figure,celebcaption,,,,,,summary_with_name,2.jpg,alan_rickman.jsonl,,,,,
celebcaption_alan_rickman_003_summary_with_name,Alan Rickman in a close-up contemplative portrait.,alan rickman,celebcaption_public_figure,celebcaption,,,,,,summary_with_name,3.jpg,alan_rickman.jsonl,,,,,
celebcaption_alan_rickman_004_detailed_with_name,"Alan Rickman is shown in this image wearing a black jacket over a dark blue shirt, posing with a subtle smirk and his right hand partially covering his mouth. He has tousled light brown hair and is set against a plain white background, giving a sophisticated and thoughtful expression.",alan rickman,celebcaption_public_figure,celebcaption,,,,,,detailed_with_name,4.jpg,alan_rickman.jsonl,,,,,
celebcaption_alan_rickman_005_detailed_with_name,"Alan Rickman is shown smiling warmly in a close-up shot, dressed in a formal black suit with a white shirt and dark tie, with his light-colored hair swept back. The lighting highlights his expressive face against a dark, blurred background.",alan rickman,celebcaption_public_figure,celebcaption,,,,,,detailed_with_name,5.jpg,alan_rickman.jsonl,,,,,
celebcaption_andrea_bocelli_001_summary_with_name,Andrea Bocelli receives an award during a formal event.,andrea bocelli,celebcaption_public_figure,celebcaption,,,,,,summary_with_name,1.jpg,andrea_bocelli.jsonl,,,,,
celebcaption_andrea_bocelli_002_summary_with_name,Andrea Bocelli performs emotionally in a tuxedo on stage.,andrea bocelli,celebcaption_public_figure,celebcaption,,,,,,summary_with_name,2.jpg,andrea_bocelli.jsonl,,,,,
celebcaption_andrea_bocelli_003_summary_with_name,Andrea Bocelli performing or speaking in a tuxedo.,andrea bocelli,celebcaption_public_figure,celebcaption,,,,,,summary_with_name,3.jpg,andrea_bocelli.jsonl,,,,,
celebcaption_andrea_bocelli_004_detailed_with_name,"Andrea Bocelli is performing on stage, holding a microphone in one hand while dressed in a black suit and shirt. Behind him, there are musicians playing instruments, a backdrop with elaborate lighting, and a semi-circular decorative element illuminated with small lights.",andrea bocelli,celebcaption_public_figure,celebcaption,,,,,,detailed_with_name,4.jpg,andrea_bocelli.jsonl,,,,,
celebcaption_andrea_bocelli_005_detailed_with_name,"Andrea Bocelli is standing on stage wearing a vibrant blue patterned tuxedo jacket over a black vest and bow tie, smiling warmly. He is surrounded by orchestral musicians who are seated and appear to be preparing their string instruments, with one conductor holding a baton.",andrea bocelli,celebcaption_public_figure,celebcaption,,,,,,detailed_with_name,5.jpg,andrea_bocelli.jsonl,,,,,
celebcaption_angelina_jolie_001_summary_with_name,Angelina Jolie casually dressed in black with sunglasses outdoors.,angelina jolie,celebcaption_public_figure,celebcaption,,,,,,summary_with_name,1.jpg,angelina_jolie.jsonl,,,,,
celebcaption_angelina_jolie_002_summary_with_name,Angelina Jolie walks outside with coffee and a paper bag.,angelina jolie,celebcaption_public_figure,celebcaption,,,,,,summary_with_name,2.jpg,angelina_jolie.jsonl,,,,,
celebcaption_angelina_jolie_003_summary_with_name,Angelina Jolie walks at night holding a black umbrella.,angelina jolie,celebcaption_public_figure,celebcaption,,,,,,summary_with_name,3.jpg,angelina_jolie.jsonl,,,,,
celebcaption_angelina_jolie_004_detailed_with_name,"Angelina Jolie is seen walking out of a building wearing a long beige coat with a belt tied around the waist, paired with wide-legged trousers and nude pumps. Her hair is down, and she appears to be adjusting or closing a door as she moves.",angelina jolie,celebcaption_public_figure,celebcaption,,,,,,detailed_with_name,4.jpg,angelina_jolie.jsonl,,,,,
celebcaption_angelina_jolie_005_detailed_with_name,"Angelina Jolie is seen standing beside a black vehicle, wearing a white sleeveless dress and large dark sunglasses. She appears to be opening or closing the car door, with a chain-link fence and stacked goods visible in the background.",angelina jolie,celebcaption_public_figure,celebcaption,,,,,,detailed_with_name,5.jpg,angelina_jolie.jsonl,,,,,
celebcaption_anne_hathaway_001_summary_with_name,Anne Hathaway poses in a sleeveless black turtleneck and plaid coat.,anne hathaway,celebcaption_public_figure,celebcaption,,,,,,summary_with_name,1.jpg,anne_hathaway.jsonl,,,,,
celebcaption_anne_hathaway_002_summary_with_name,Anne Hathaway speaks at lectern wearing red-orange dress.,anne hathaway,celebcaption_public_figure,celebcaption,,,,,,summary_with_name,2.jpg,anne_hathaway.jsonl,,,,,
celebcaption_anne_hathaway_003_summary_with_name,Anne Hathaway wearing white blazer and skirt with sunglasses.,anne hathaway,celebcaption_public_figure,celebcaption,,,,,,summary_with_name,3.jpg,anne_hathaway.jsonl,,,,,
celebcaption_anne_hathaway_004_detailed_with_name,"Anne Hathaway is smiling broadly in the image, wearing a black jacket paired with a distinctive light blue denim corset and matching denim pants. She is standing outdoors with a crowd of people behind her, many capturing the moment on their phones.",anne hathaway,celebcaption_public_figure,celebcaption,,,,,,detailed_with_name,4.jpg,anne_hathaway.jsonl,,,,,
celebcaption_anne_hathaway_005_detailed_with_name,"Anne Hathaway is seen walking on a sidewalk wearing a long, elegant red coat over a sparkly dress, paired with silver high-heeled shoes. She is accompanied by a woman in a white top and black scarf, and a man in a dark suit, with trees and cars in the background.",anne hathaway,celebcaption_public_figure,celebcaption,,,,,,detailed_with_name,5.jpg,anne_hathaway.jsonl,,,,,
celebcaption_ariana_grande_001_summary_with_name,"Ariana Grande with wavy hair, winged eyeliner, and black top.",ariana grande,celebcaption_public_figure,celebcaption,,,,,,summary_with_name,1.jpg,ariana_grande.jsonl,,,,,
celebcaption_ariana_grande_002_summary_with_name,Ariana Grande with sleek ponytail and bold makeup in a close-up.,ariana grande,celebcaption_public_figure,celebcaption,,,,,,summary_with_name,2.jpg,ariana_grande.jsonl,,,,,
celebcaption_ariana_grande_003_summary_with_name,Ariana Grande close-up portrait with long blonde hair.,ariana grande,celebcaption_public_figure,celebcaption,,,,,,summary_with_name,3.jpg,ariana_grande.jsonl,,,,,
celebcaption_ariana_grande_004_detailed_with_name,"Ariana Grande is smiling warmly while wearing under-eye gel patches, dressed in a black sleeveless top with long blonde hair flowing over one shoulder. She stands in front of a bright window with a blurred background of trees and a room interior.",ariana grande,celebcaption_public_figure,celebcaption,,,,,,detailed_with_name,4.jpg,ariana_grande.jsonl,,,,,
celebcaption_ariana_grande_005_detailed_with_name,"Ariana Grande is shown posing in a sleek, asymmetrical black dress with one long sleeve, standing against a plain wall. Her blonde hair is pulled back in a tight style, and she wears striking red lipstick and pearl earrings, with visible tattoos on her left arm and hand.",ariana grande,celebcaption_public_figure,celebcaption,,,,,,detailed_with_name,5.jpg,ariana_grande.jsonl,,,,,
celebcaption_aubrey_graham_001_summary_with_name,Portrait of Aubrey Graham in an olive jacket.,aubrey graham,celebcaption_public_figure,celebcaption,,,,,,summary_with_name,1.jpg,aubrey_graham.jsonl,,,,,
celebcaption_aubrey_graham_002_summary_with_name,Aubrey Graham performs energetically with microphone on stage.,aubrey graham,celebcaption_public_figure,celebcaption,,,,,,summary_with_name,2.jpg,aubrey_graham.jsonl,,,,,
celebcaption_aubrey_graham_003_summary_with_name,Portrait of Aubrey Graham with a neat haircut and black shirt.,aubrey graham,celebcaption_public_figure,celebcaption,,,,,,summary_with_name,3.jpg,aubrey_graham.jsonl,,,,,
celebcaption_aubrey_graham_004_detailed_with_name,"Aubrey Graham is shown in a close-up portrait wearing a bright blue shirt, with a neutral expression and neatly cropped hair. The background is blurred, putting full focus on him and highlighting his facial features clearly.",aubrey graham,celebcaption_public_figure,celebcaption,,,,,,detailed_with_name,4.jpg,aubrey_graham.jsonl,,,,,
celebcaption_aubrey_graham_005_detailed_with_name,"Aubrey Graham is seated at an event wearing a black tuxedo jacket with a satin lapel, a white dress shirt, and a black bow tie. He has a neatly groomed short hairstyle and is accessorized with a gold wristwatch while posing with his hands clasped.",aubrey graham,celebcaption_public_figure,celebcaption,,,,,,detailed_with_name,5.jpg,aubrey_graham.jsonl,,,,,
celebcaption_austin_post_001_summary_with_name,Austin Post posing with a playful expression and tattoos.,austin post,celebcaption_public_figure,celebcaption,,,,,,summary_with_name,1.jpg,austin_post.jsonl,,,,,
celebcaption_austin_post_002_summary_with_name,Austin Post stands inside a flaming circular structure.,austin post,celebcaption_public_figure,celebcaption,,,,,,summary_with_name,2.jpg,austin_post.jsonl,,,,,
celebcaption_austin_post_003_summary_with_name,Austin Post in a close-up with facial tattoos and red jacket.,austin post,celebcaption_public_figure,celebcaption,,,,,,summary_with_name,3.jpg,austin_post.jsonl,,,,,
celebcaption_austin_post_004_detailed_with_name,"Austin Post is dressed in a black suit with a white shirt and a patterned tie, wearing a black cap, and showing a peace sign with his left hand while holding a red cup in his right hand at an event with a backdrop featuring 'Songwriters Hall of Fame' and 'American Airlines'. He has a full beard and multiple face tattoos visible in the image.",austin post,celebcaption_public_figure,celebcaption,,,,,,detailed_with_name,4.jpg,austin_post.jsonl,,,,,
celebcaption_austin_post_005_detailed_with_name,"Austin Post is seen shirtless, sitting by the edge of a swimming pool with his tattooed arms resting on his knees, in an outdoor setting with lounge chairs, plants, and a vehicle in the background.",austin post,celebcaption_public_figure,celebcaption,,,,,,detailed_with_name,5.jpg,austin_post.jsonl,,,,,
celebcaption_ayrton_senna_001_summary_with_name,Ayrton Senna examines papers outdoors wearing sunglasses.,ayrton senna,celebcaption_public_figure,celebcaption,,,,,,summary_with_name,1.jpg,ayrton_senna.jsonl,,,,,
celebcaption_ayrton_senna_002_summary_with_name,Ayrton Senna signs an autograph for an older man.,ayrton senna,celebcaption_public_figure,celebcaption,,,,,,summary_with_name,2.jpg,ayrton_senna.jsonl,,,,,
celebcaption_ayrton_senna_003_summary_with_name,Ayrton Senna wearing his iconic yellow racing helmet.,ayrton senna,celebcaption_public_figure,celebcaption,,,,,,summary_with_name,3.jpg,ayrton_senna.jsonl,,,,,
celebcaption_ayrton_senna_004_detailed_with_name,"Ayrton Senna is pictured in a red racing suit adorned with sponsor logos, holding his iconic yellow helmet with green and black stripes, set against a waving Brazilian flag backdrop. He was a legendary Formula 1 driver known for his skill and speed.",ayrton senna,celebcaption_public_figure,celebcaption,,,,,,detailed_with_name,4.jpg,ayrton_senna.jsonl,,,,,
celebcaption_ayrton_senna_005_detailed_with_name,"Ayrton Senna is depicted wearing a red racing suit adorned with several sponsor logos, including Marlboro, Shell, and Goodyear. He stands with his arms crossed, displaying a confident and focused expression.",ayrton senna,celebcaption_public_figure,celebcaption,,,,,,detailed_with_name,5.jpg,ayrton_senna.jsonl,,,,,
celebcaption_barack_obama_001_summary_with_name,Barack Obama smiling and speaking into a microphone.,barack obama,celebcaption_public_figure,celebcaption,,,,,,summary_with_name,1.jpg,barack_obama.jsonl,,,,,
celebcaption_barack_obama_002_summary_with_name,Barack Obama speaking with a microphone in hand,barack obama,celebcaption_public_figure,celebcaption,,,,,,summary_with_name,2.jpg,barack_obama.jsonl,,,,,
celebcaption_barack_obama_003_summary_with_name,Barack Obama smiling broadly with eyes closed in formal attire.,barack obama,celebcaption_public_figure,celebcaption,,,,,,summary_with_name,3.jpg,barack_obama.jsonl,,,,,
celebcaption_barack_obama_004_detailed_with_name,"Barack Obama is standing near a body of water with cliffs and greenery in the background, wearing a light blue button-down shirt. The photo captures a casual outdoor moment with Barack Obama speaking or posing directly towards the camera.",barack obama,celebcaption_public_figure,celebcaption,,,,,,detailed_with_name,4.jpg,barack_obama.jsonl,,,,,
celebcaption_barack_obama_005_detailed_with_name,"Barack Obama is shown speaking while holding a microphone, dressed in a black suit and gray shirt, against a dark background. He appears to be engaged in a public speaking event, using hand gestures to emphasize his points.",barack obama,celebcaption_public_figure,celebcaption,,,,,,detailed_with_name,5.jpg,barack_obama.jsonl,,,,,
celebcaption_belcalis_almanzar_001_summary_with_name,Belcalis Almanzar wears a unique headpiece and patterned jacket.,belcalis almanzar,celebcaption_public_figure,celebcaption,,,,,,summary_with_name,1.jpg,belcalis_almanzar.jsonl,,,,,
celebcaption_belcalis_almanzar_002_summary_with_name,"Belcalis Almanzar in a black dress with gold accessories, on stairs.",belcalis almanzar,celebcaption_public_figure,celebcaption,,,,,,summary_with_name,2.jpg,belcalis_almanzar.jsonl,,,,,
celebcaption_belcalis_almanzar_003_summary_with_name,Belcalis Almanzar takes a selfie with voluminous curly hair.,belcalis almanzar,celebcaption_public_figure,celebcaption,,,,,,summary_with_name,3.jpg,belcalis_almanzar.jsonl,,,,,
celebcaption_belcalis_almanzar_004_detailed_with_name,"Belcalis Almanzar is shown in a close-up image with perfectly styled dark hair slicked back and neatly parted to the side. She wears bold red lipstick, long eyelashes, and subtle eye shadow that highlight her facial features.",belcalis almanzar,celebcaption_public_figure,celebcaption,,,,,,detailed_with_name,4.jpg,belcalis_almanzar.jsonl,,,,,
celebcaption_belcalis_almanzar_005_detailed_with_name,"Belcalis Almanzar is wearing a tailored multi-colored checkered skirt suit with a deep neckline and a gold chain belt. She accessorizes with a unique, tall gold wire hat partially covering her face and holds a round black handbag.",belcalis almanzar,celebcaption_public_figure,celebcaption,,,,,,detailed_with_name,5.jpg,belcalis_almanzar.jsonl,,,,,
celebcaption_benedict_cumberbatch_001_summary_with_name,Benedict Cumberbatch wears black suit at formal event.,benedict cumberbatch,celebcaption_public_figure,celebcaption,,,,,,summary_with_name,1.jpg,benedict_cumberbatch.jsonl,,,,,
celebcaption_benedict_cumberbatch_002_summary_with_name,Benedict Cumberbatch giving an animated interview at an event.,benedict cumberbatch,celebcaption_public_figure,celebcaption,,,,,,summary_with_name,2.jpg,benedict_cumberbatch.jsonl,,,,,
celebcaption_benedict_cumberbatch_003_summary_with_name,Benedict Cumberbatch in a black suit at a formal event.,benedict cumberbatch,celebcaption_public_figure,celebcaption,,,,,,summary_with_name,3.jpg,benedict_cumberbatch.jsonl,,,,,
celebcaption_benedict_cumberbatch_004_detailed_with_name,"Benedict Cumberbatch is seen wearing a black suit, white shirt, and black tie, standing against a backdrop featuring the logos of MUFG and Montblanc. He has neatly styled hair and a composed expression at what appears to be a formal event or premiere.",benedict cumberbatch,celebcaption_public_figure,celebcaption,,,,,,detailed_with_name,4.jpg,benedict_cumberbatch.jsonl,,,,,
celebcaption_benedict_cumberbatch_005_detailed_with_name,"Benedict Cumberbatch is seen standing in an office environment, leaning slightly against a desk with a focused expression. He is wearing a dark sweater over a light pink shirt, with other people and office equipment visible in the background, highlighting a professional setting.",benedict cumberbatch,celebcaption_public_figure,celebcaption,,,,,,detailed_with_name,5.jpg,benedict_cumberbatch.jsonl,,,,,
celebcaption_beyonce_001_summary_with_name,Beyonce sings on stage with backup dancers in white.,beyonce,celebcaption_public_figure,celebcaption,,,,,,summary_with_name,1.jpg,beyonce.jsonl,,,,,
celebcaption_beyonce_002_summary_with_name,Beyonce performs on stage in a shimmering gold gown.,beyonce,celebcaption_public_figure,celebcaption,,,,,,summary_with_name,2.jpg,beyonce.jsonl,,,,,
celebcaption_beyonce_003_summary_with_name,Beyonce performs on stage in a dramatic black feathered dress.,beyonce,celebcaption_public_figure,celebcaption,,,,,,summary_with_name,3.jpg,beyonce.jsonl,,,,,
celebcaption_beyonce_004_detailed_with_name,"Beyonce is sitting in the driver's seat of a vintage light blue car, looking directly at the camera while wearing a luxurious white fur coat and long braided hair. Her left arm rests inside the car window, adorned with multiple rings and bracelets, giving a glamorous and powerful vibe.",beyonce,celebcaption_public_figure,celebcaption,,,,,,detailed_with_name,4.jpg,beyonce.jsonl,,,,,
celebcaption_beyonce_005_detailed_with_name,"Beyonce is performing on stage with a group of backup dancers, all wearing coordinated black outfits and boots. The stage is brightly lit, and a large screen behind them displays a close-up of Beyonce singing into a microphone.",beyonce,celebcaption_public_figure,celebcaption,,,,,,detailed_with_name,5.jpg,beyonce.jsonl,,,,,
celebcaption_bill_gates_001_summary_with_name,Bill Gates sits smiling under the Microsoft logo.,bill gates,celebcaption_public_figure,celebcaption,,,,,,summary_with_name,1.jpg,bill_gates.jsonl,,,,,
celebcaption_bill_gates_002_summary_with_name,Bill Gates working at his desk in an office with an ocean view.,bill gates,celebcaption_public_figure,celebcaption,,,,,,summary_with_name,2.jpg,bill_gates.jsonl,,,,,
celebcaption_bill_gates_003_summary_with_name,Bill Gates sits in an office chair at a desk.,bill gates,celebcaption_public_figure,celebcaption,,,,,,summary_with_name,3.jpg,bill_gates.jsonl,,,,,
celebcaption_bill_gates_004_detailed_with_name,"Bill Gates is shown with a slight smirk on his face, wearing glasses and looking off to the side against a blurred blue background. His expression suggests he is in a thoughtful or reflective moment during a public appearance or event.",bill gates,celebcaption_public_figure,celebcaption,,,,,,detailed_with_name,4.jpg,bill_gates.jsonl,,,,,
celebcaption_bill_gates_005_detailed_with_name,"Bill Gates is standing on a balcony against a backdrop of modern office buildings, wearing a navy blue cable-knit sweater over a light blue collared shirt and glasses, with one hand resting on the railing and the other in his pocket.",bill gates,celebcaption_public_figure,celebcaption,,,,,,detailed_with_name,5.jpg,bill_gates.jsonl,,,,,
celebcaption_billie_eilish_001_summary_with_name,Billie Eilish in black outfit with gold necklace on yellow background.,billie eilish,celebcaption_public_figure,celebcaption,,,,,,summary_with_name,1.jpg,billie_eilish.jsonl,,,,,
celebcaption_billie_eilish_002_summary_with_name,Billie Eilish with platinum blonde hair and thoughtful expression.,billie eilish,celebcaption_public_figure,celebcaption,,,,,,summary_with_name,2.jpg,billie_eilish.jsonl,,,,,
celebcaption_billie_eilish_003_summary_with_name,Billie Eilish poses with bright yellow hair and a thoughtful expression.,billie eilish,celebcaption_public_figure,celebcaption,,,,,,summary_with_name,3.jpg,billie_eilish.jsonl,,,,,
celebcaption_billie_eilish_004_detailed_with_name,"The image features Billie Eilish in two distinct styles: on the left, she is dressed in a bright yellow outfit with layered necklaces against a yellow background, while on the right, a black-and-white close-up shows her holding a microphone and a cigarette, wearing a dark oversized shirt and multiple rings. The text 'POP FUSION PRINTS' appears beneath the black-and-white photo.",billie eilish,celebcaption_public_figure,celebcaption,,,,,,detailed_with_name,4.jpg,billie_eilish.jsonl,,,,,
celebcaption_billie_eilish_005_detailed_with_name,"Billie Eilish is passionately singing into a large studio microphone while wearing black headphones and a black outfit, set against a bright yellow background. Her long, platinum blonde hair contrasts with her dark clothing and the vibrant backdrop, highlighting her expressive performance.",billie eilish,celebcaption_public_figure,celebcaption,,,,,,detailed_with_name,5.jpg,billie_eilish.jsonl,,,,,
celebcaption_blake_lively_001_summary_with_name,Blake Lively smiling at an event wearing a white shirt.,blake lively,celebcaption_public_figure,celebcaption,,,,,,summary_with_name,1.jpg,blake_lively.jsonl,,,,,
celebcaption_blake_lively_002_summary_with_name,Blake Lively poses on the red carpet in an elegant red gown.,blake lively,celebcaption_public_figure,celebcaption,,,,,,summary_with_name,2.jpg,blake_lively.jsonl,,,,,
celebcaption_blake_lively_003_summary_with_name,Blake Lively smiles wearing a white sleeveless dress.,blake lively,celebcaption_public_figure,celebcaption,,,,,,summary_with_name,3.jpg,blake_lively.jsonl,,,,,
celebcaption_blake_lively_004_detailed_with_name,"Blake Lively is seen smiling brightly in this close-up image, showcasing her light green eyes and long blonde hair. She is wearing a sheer top adorned with intricate pink and purple floral embroidery and elegant dangling earrings.",blake lively,celebcaption_public_figure,celebcaption,,,,,,detailed_with_name,4.jpg,blake_lively.jsonl,,,,,
celebcaption_blake_lively_005_detailed_with_name,"Blake Lively is posing at an event wearing a sleek, bright orange dress with short sleeves and a thin belt at the waist. She accessorizes with dangling earrings and a bracelet, her long blonde hair styled straight and flowing over one shoulder.",blake lively,celebcaption_public_figure,celebcaption,,,,,,detailed_with_name,5.jpg,blake_lively.jsonl,,,,,
celebcaption_brad_pitt_001_summary_with_name,Black and white detailed portrait of Brad Pitt with earpiece.,brad pitt,celebcaption_public_figure,celebcaption,,,,,,summary_with_name,1.jpg,brad_pitt.jsonl,,,,,
celebcaption_brad_pitt_002_summary_with_name,Brad Pitt poses relaxed with a cloudy sky background.,brad pitt,celebcaption_public_figure,celebcaption,,,,,,summary_with_name,2.jpg,brad_pitt.jsonl,,,,,
celebcaption_brad_pitt_003_summary_with_name,Close-up black-and-white portrait of Brad Pitt with intense expression.,brad pitt,celebcaption_public_figure,celebcaption,,,,,,summary_with_name,3.jpg,brad_pitt.jsonl,,,,,
celebcaption_brad_pitt_004_detailed_with_name,"This is a highly detailed and realistic colored pencil drawing of Brad Pitt, capturing his facial features, light beard, and medium-length hair with great precision. The portrait shows him wearing a white shirt, with careful shading and texture that highlight his expression and skin tones.",brad pitt,celebcaption_public_figure,celebcaption,,,,,,detailed_with_name,4.jpg,brad_pitt.jsonl,,,,,
celebcaption_brad_pitt_005_detailed_with_name,"This hyper-realistic digital portrait features Brad Pitt with a finely detailed face showing subtle wrinkles and light stubble. He is wearing a blue crew neck shirt under a brown leather jacket with a prominent zipper, posed against a warm, softly blurred background.",brad pitt,celebcaption_public_figure,celebcaption,,,,,,detailed_with_name,5.jpg,brad_pitt.jsonl,,,,,
celebcaption_britney_spears_001_summary_with_name,Britney Spears smiling with blonde hair and blue necklace.,britney spears,celebcaption_public_figure,celebcaption,,,,,,summary_with_name,1.jpg,britney_spears.jsonl,,,,,
celebcaption_britney_spears_002_summary_with_name,Britney Spears sitting cross-legged smiling on wooden floor.,britney spears,celebcaption_public_figure,celebcaption,,,,,,summary_with_name,2.jpg,britney_spears.jsonl,,,,,
celebcaption_britney_spears_003_summary_with_name,Britney Spears sings energetically in a pink and white outfit.,britney spears,celebcaption_public_figure,celebcaption,,,,,,summary_with_name,3.jpg,britney_spears.jsonl,,,,,
celebcaption_britney_spears_004_detailed_with_name,"Britney Spears is seen smiling in a close-up photo at what appears to be a busy indoor event, wearing a white dress and a sparkling necklace with her blonde hair styled straight and parted to the side.",britney spears,celebcaption_public_figure,celebcaption,,,,,,detailed_with_name,4.jpg,britney_spears.jsonl,,,,,
celebcaption_britney_spears_005_detailed_with_name,"Britney Spears is seated on the floor against a plain backdrop, wearing a loose pink button-up shirt over a pink top, paired with embellished blue jeans and strappy pink sandals. Her blonde hair is styled in a shoulder-length cut, and she has subtle makeup with purple eye shadow.",britney spears,celebcaption_public_figure,celebcaption,,,,,,detailed_with_name,5.jpg,britney_spears.jsonl,,,,,
celebcaption_bruce_springsteen_001_summary_with_name,Bruce Springsteen passionately performs live with microphone and guitar.,bruce springsteen,celebcaption_public_figure,celebcaption,,,,,,summary_with_name,1.jpg,bruce_springsteen.jsonl,,,,,
celebcaption_bruce_springsteen_002_summary_with_name,Bruce Springsteen plays guitar to a huge crowd outdoors.,bruce springsteen,celebcaption_public_figure,celebcaption,,,,,,summary_with_name,2.jpg,bruce_springsteen.jsonl,,,,,
celebcaption_bruce_springsteen_003_summary_with_name,Bruce Springsteen performs live with a fellow guitarist on stage.,bruce springsteen,celebcaption_public_figure,celebcaption,,,,,,summary_with_name,3.jpg,bruce_springsteen.jsonl,,,,,
celebcaption_bruce_springsteen_004_detailed_with_name,"Bruce Springsteen is performing on a large stage with multiple band members under a bright, curved array of stage lights, in front of a large crowd. The setup includes guitars, drums, and keyboards, showcasing a dynamic live concert environment.",bruce springsteen,celebcaption_public_figure,celebcaption,,,,,,detailed_with_name,4.jpg,bruce_springsteen.jsonl,,,,,
celebcaption_bruce_springsteen_005_detailed_with_name,"Bruce Springsteen is performing on stage, playing an electric guitar with intense focus. He is wearing a red button-up shirt and black pants, with stage lights illuminating him from above, and other band members are visible in the background.",bruce springsteen,celebcaption_public_figure,celebcaption,,,,,,detailed_with_name,5.jpg,bruce_springsteen.jsonl,,,,,
celebcaption_cate_blanchett_001_summary_with_name,Cate Blanchett poses in a shimmering gown at AACTA Awards.,cate blanchett,celebcaption_public_figure,celebcaption,,,,,,summary_with_name,1.jpg,cate_blanchett.jsonl,,,,,
celebcaption_cate_blanchett_002_summary_with_name,Cate Blanchett poses in an embellished gown with striking earrings.,cate blanchett,celebcaption_public_figure,celebcaption,,,,,,summary_with_name,2.jpg,cate_blanchett.jsonl,,,,,
celebcaption_cate_blanchett_003_summary_with_name,Cate Blanchett poses in sequined gown at AACTA Awards.,cate blanchett,celebcaption_public_figure,celebcaption,,,,,,summary_with_name,3.jpg,cate_blanchett.jsonl,,,,,
celebcaption_cate_blanchett_004_detailed_with_name,"Cate Blanchett is pictured at a formal event wearing a sequined dress with a deep neckline. Her blonde hair is styled loosely, and she has a subtle makeup look, focusing on her eyes and soft pink lipstick.",cate blanchett,celebcaption_public_figure,celebcaption,,,,,,detailed_with_name,4.jpg,cate_blanchett.jsonl,,,,,
celebcaption_cate_blanchett_005_detailed_with_name,"Cate Blanchett is pictured in this close-up shot wearing a textured silver and black outfit, with her blonde hair styled back. She has light makeup that highlights her blue eyes and natural complexion, standing against a dark, tufted leather background.",cate blanchett,celebcaption_public_figure,celebcaption,,,,,,detailed_with_name,5.jpg,cate_blanchett.jsonl,,,,,
celebcaption_celine_dion_001_summary_with_name,Celine Dion in a white gown on a red carpet event.,celine dion,celebcaption_public_figure,celebcaption,,,,,,summary_with_name,1.jpg,celine_dion.jsonl,,,,,
celebcaption_celine_dion_002_summary_with_name,Celine Dion in white dress with wavy hair and statement necklace.,celine dion,celebcaption_public_figure,celebcaption,,,,,,summary_with_name,2.jpg,celine_dion.jsonl,,,,,
celebcaption_celine_dion_003_summary_with_name,Celine Dion attends UCLA Luminary Awards in elegant dress.,celine dion,celebcaption_public_figure,celebcaption,,,,,,summary_with_name,3.jpg,celine_dion.jsonl,,,,,
celebcaption_celine_dion_004_detailed_with_name,"Celine Dion is wearing a striking, deep green sequined gown with a plunging neckline and a thigh-high slit, accessorized with matching green heels and emerald jewelry, posing confidently on a red carpet next to elegant floral decor and Grammy award symbols. The gown also features a statement belt with a decorative buckle, highlighting her waist.",celine dion,celebcaption_public_figure,celebcaption,,,,,,detailed_with_name,4.jpg,celine_dion.jsonl,,,,,
celebcaption_celine_dion_005_detailed_with_name,"Celine Dion is wearing a sparkling green gown with a deep V neckline and a high slit, featuring a large green bow belt at the waist. She pairs the outfit with matching green heels and emerald earrings while standing on a red carpet at an event.",celine dion,celebcaption_public_figure,celebcaption,,,,,,detailed_with_name,5.jpg,celine_dion.jsonl,,,,,
celebcaption_channing_tatum_001_summary_with_name,Channing Tatum in a serious conversation wearing a cowboy outfit.,channing tatum,celebcaption_public_figure,celebcaption,,,,,,summary_with_name,1.jpg,channing_tatum.jsonl,,,,,
celebcaption_channing_tatum_002_summary_with_name,Channing Tatum in a close-up portrait with a casual look.,channing tatum,celebcaption_public_figure,celebcaption,,,,,,summary_with_name,2.jpg,channing_tatum.jsonl,,,,,
celebcaption_channing_tatum_003_summary_with_name,Channing Tatum poses casually in a white tank top.,channing tatum,celebcaption_public_figure,celebcaption,,,,,,summary_with_name,3.jpg,channing_tatum.jsonl,,,,,
celebcaption_channing_tatum_004_detailed_with_name,"Channing Tatum is depicted in this image wearing a light beige t-shirt, with a contemplative expression on his face as he looks downward. The background is softly blurred, emphasizing his thoughtful demeanor and casual attire.",channing tatum,celebcaption_public_figure,celebcaption,,,,,,detailed_with_name,4.jpg,channing_tatum.jsonl,,,,,
celebcaption_channing_tatum_005_detailed_with_name,"Channing Tatum is pictured wearing a light gray suit jacket over a white shirt, with a close-cropped hairstyle and a serious expression on his face. Behind him, there is a partially visible handicap sign on a dark-colored wall.",channing tatum,celebcaption_public_figure,celebcaption,,,,,,detailed_with_name,5.jpg,channing_tatum.jsonl,,,,,
celebcaption_chris_evans_001_summary_with_name,Chris Evans in a dark coat with a serious expression.,chris evans,celebcaption_public_figure,celebcaption,,,,,,summary_with_name,1.jpg,chris_evans.jsonl,,,,,
celebcaption_chris_evans_002_summary_with_name,Chris Evans poses in a cream sweater with a contemplative look.,chris evans,celebcaption_public_figure,celebcaption,,,,,,summary_with_name,2.jpg,chris_evans.jsonl,,,,,
celebcaption_chris_evans_003_summary_with_name,Chris Evans poses in a burgundy jacket against an orange background.,chris evans,celebcaption_public_figure,celebcaption,,,,,,summary_with_name,3.jpg,chris_evans.jsonl,,,,,
celebcaption_chris_evans_004_detailed_with_name,"Chris Evans is shown in a close-up portrait wearing a blue shirt and a thin necklace, with well-groomed hair and beard, looking thoughtfully into the camera against a plain white background.",chris evans,celebcaption_public_figure,celebcaption,,,,,,detailed_with_name,4.jpg,chris_evans.jsonl,,,,,
celebcaption_chris_evans_005_detailed_with_name,"Chris Evans is shown in a close-up portrait with a full beard and short brown hair, wearing a dark blue shirt and jacket against a subtle dark background. His expression is calm and thoughtful, highlighting his blue eyes and textured facial features.",chris evans,celebcaption_public_figure,celebcaption,,,,,,detailed_with_name,5.jpg,chris_evans.jsonl,,,,,
celebcaption_chris_hemsworth_001_summary_with_name,Chris Hemsworth walking in airport wearing casual stylish outfit.,chris hemsworth,celebcaption_public_figure,celebcaption,,,,,,summary_with_name,1.jpg,chris_hemsworth.jsonl,,,,,
celebcaption_chris_hemsworth_002_summary_with_name,Chris Hemsworth walking casually outside in sunglasses and casual wear.,chris hemsworth,celebcaption_public_figure,celebcaption,,,,,,summary_with_name,2.jpg,chris_hemsworth.jsonl,,,,,
celebcaption_chris_hemsworth_003_summary_with_name,Chris Hemsworth posing in a coat during a photoshoot.,chris hemsworth,celebcaption_public_figure,celebcaption,,,,,,summary_with_name,3.jpg,chris_hemsworth.jsonl,,,,,
celebcaption_chris_hemsworth_004_detailed_with_name,"Chris Hemsworth is standing outdoors on a sunny day, smiling and looking to his right. He is wearing a plain white t-shirt and black pants, with trees and a grassy area in the background.",chris hemsworth,celebcaption_public_figure,celebcaption,,,,,,detailed_with_name,4.jpg,chris_hemsworth.jsonl,,,,,
celebcaption_chris_hemsworth_005_detailed_with_name,"Chris Hemsworth is seen in a casual yet stylish outfit, wearing a black button-up shirt with the sleeves rolled up and black pants, complemented by a black belt and a wristwatch. He has neatly styled hair, light facial stubble, and a subtle smile while posing indoors against a decorated background.",chris hemsworth,celebcaption_public_figure,celebcaption,,,,,,detailed_with_name,5.jpg,chris_hemsworth.jsonl,,,,,
celebcaption_clint_eastwood_001_summary_with_name,Clint Eastwood poses casually in a signed 1997 photograph.,clint eastwood,celebcaption_public_figure,celebcaption,,,,,,summary_with_name,1.jpg,clint_eastwood.jsonl,,,,,
celebcaption_clint_eastwood_002_summary_with_name,Clint Eastwood poses with arms crossed in red shirt.,clint eastwood,celebcaption_public_figure,celebcaption,,,,,,summary_with_name,2.jpg,clint_eastwood.jsonl,,,,,
celebcaption_clint_eastwood_003_summary_with_name,Close-up portrait of Clint Eastwood with a neutral expression.,clint eastwood,celebcaption_public_figure,celebcaption,,,,,,summary_with_name,3.jpg,clint_eastwood.jsonl,,,,,
celebcaption_clint_eastwood_004_detailed_with_name,"Clint Eastwood is shown in a close-up profile shot under clear daylight, wearing a light-colored checked jacket and squinting slightly against bright sunlight, highlighting the texture and ruggedness of his facial features.",clint eastwood,celebcaption_public_figure,celebcaption,,,,,,detailed_with_name,4.jpg,clint_eastwood.jsonl,,,,,
celebcaption_clint_eastwood_005_detailed_with_name,"This is a black and white close-up portrait of Clint Eastwood. He is looking to his left with a serious expression, showcasing his distinctive facial features and slightly tousled hair.",clint eastwood,celebcaption_public_figure,celebcaption,,,,,,detailed_with_name,5.jpg,clint_eastwood.jsonl,,,,,
celebcaption_conan_obrien_001_summary_with_name,Conan O’Brien adjusts his suit while posing against a cloudy sky.,conan obrien,celebcaption_public_figure,celebcaption,,,,,,summary_with_name,1.jpg,conan_obrien.jsonl,,,,,
celebcaption_conan_obrien_002_summary_with_name,Conan O’Brien poses playfully in denim jacket and tie.,conan obrien,celebcaption_public_figure,celebcaption,,,,,,summary_with_name,2.jpg,conan_obrien.jsonl,,,,,
celebcaption_conan_obrien_003_summary_with_name,Conan O’Brien in a tuxedo at a formal event.,conan obrien,celebcaption_public_figure,celebcaption,,,,,,summary_with_name,3.jpg,conan_obrien.jsonl,,,,,
celebcaption_conan_obrien_004_detailed_with_name,"Conan O’Brien is depicted in a formal portrait wearing a dark suit, white shirt, and striped tie, with his red hair styled neatly. His expression is serious, and he poses with one hand raised near his face against a softly lit, gradient dark background.",conan obrien,celebcaption_public_figure,celebcaption,,,,,,detailed_with_name,4.jpg,conan_obrien.jsonl,,,,,
celebcaption_conan_obrien_005_detailed_with_name,"Conan O’Brien is portrayed in a professional studio portrait wearing a dark suit, light blue dress shirt, and a striped blue tie, set against a gradient blue background. He has neatly styled red hair and a composed expression, looking slightly to his right.",conan obrien,celebcaption_public_figure,celebcaption,,,,,,detailed_with_name,5.jpg,conan_obrien.jsonl,,,,,
celebcaption_conor_mcgregor_001_summary_with_name,Conor McGregor poses confidently at a Grammy Awards event.,conor mcgregor,celebcaption_public_figure,celebcaption,,,,,,summary_with_name,1.jpg,conor_mcgregor.jsonl,,,,,
celebcaption_conor_mcgregor_002_summary_with_name,Conor McGregor poses stylishly at a high-profile event.,conor mcgregor,celebcaption_public_figure,celebcaption,,,,,,summary_with_name,2.jpg,conor_mcgregor.jsonl,,,,,
celebcaption_conor_mcgregor_003_summary_with_name,Conor McGregor smiles wearing a light blue suit and tattoos.,conor mcgregor,celebcaption_public_figure,celebcaption,,,,,,summary_with_name,3.jpg,conor_mcgregor.jsonl,,,,,
celebcaption_conor_mcgregor_004_detailed_with_name,"Conor McGregor is sitting in a stadium seat wearing a light gray checkered suit jacket with a white shirt and white tie, smiling broadly and making a celebratory fist gesture with his right hand. He is surrounded by other spectators who are dressed casually and appear focused on the event.",conor mcgregor,celebcaption_public_figure,celebcaption,,,,,,detailed_with_name,4.jpg,conor_mcgregor.jsonl,,,,,
celebcaption_conor_mcgregor_005_detailed_with_name,"Conor McGregor is posing confidently with fists raised while wearing a tailored maroon suit with black lapels, complemented by a watch on his left wrist and a groomed beard. He stands against a leafy green background with gold script lettering partially visible behind him.",conor mcgregor,celebcaption_public_figure,celebcaption,,,,,,detailed_with_name,5.jpg,conor_mcgregor.jsonl,,,,,
celebcaption_cristiano_ronaldo_001_summary_with_name,Cristiano Ronaldo portrait with styled hair and sports jersey.,cristiano ronaldo,celebcaption_public_figure,celebcaption,,,,,,summary_with_name,1.jpg,cristiano_ronaldo.jsonl,,,,,
celebcaption_cristiano_ronaldo_002_summary_with_name,Cristiano Ronaldo smiling on the pitch wearing Manchester United jersey.,cristiano ronaldo,celebcaption_public_figure,celebcaption,,,,,,summary_with_name,2.jpg,cristiano_ronaldo.jsonl,,,,,
celebcaption_cristiano_ronaldo_003_summary_with_name,Cristiano Ronaldo celebrating a goal in Real Madrid kit.,cristiano ronaldo,celebcaption_public_figure,celebcaption,,,,,,summary_with_name,3.jpg,cristiano_ronaldo.jsonl,,,,,
celebcaption_cristiano_ronaldo_004_detailed_with_name,"Cristiano Ronaldo is shown running in a white Real Madrid soccer uniform complete with sponsorship and team logos, wearing bright pink cleats. His expression is focused, and he has a black armband on his left arm.",cristiano ronaldo,celebcaption_public_figure,celebcaption,,,,,,detailed_with_name,4.jpg,cristiano_ronaldo.jsonl,,,,,
celebcaption_cristiano_ronaldo_005_detailed_with_name,"Cristiano Ronaldo is captured mid-action wearing Portugal's national football team uniform, featuring a red and maroon gradient jersey with the number 7, and bright orange cleats as he controls the ball.",cristiano ronaldo,celebcaption_public_figure,celebcaption,,,,,,detailed_with_name,5.jpg,cristiano_ronaldo.jsonl,,,,,
celebcaption_daddy_yankee_001_summary_with_name,Daddy Yankee smiles while holding an award on stage.,daddy yankee,celebcaption_public_figure,celebcaption,,,,,,summary_with_name,1.jpg,daddy_yankee.jsonl,,,,,
celebcaption_daddy_yankee_002_summary_with_name,Daddy Yankee posing with sunglasses against an orange background.,daddy yankee,celebcaption_public_figure,celebcaption,,,,,,summary_with_name,2.jpg,daddy_yankee.jsonl,,,,,
celebcaption_daddy_yankee_003_summary_with_name,Daddy Yankee performing on stage with microphone and accessories.,daddy yankee,celebcaption_public_figure,celebcaption,,,,,,summary_with_name,3.jpg,daddy_yankee.jsonl,,,,,
celebcaption_daddy_yankee_004_detailed_with_name,"Daddy Yankee is seen smiling while holding a music award on stage, dressed in a black patterned jacket, sunglasses, and a necklace. He appears to be giving a speech at a formal award ceremony with red and black lighting in the background.",daddy yankee,celebcaption_public_figure,celebcaption,,,,,,detailed_with_name,4.jpg,daddy_yankee.jsonl,,,,,
celebcaption_daddy_yankee_005_detailed_with_name,"Daddy Yankee is pictured wearing a shiny, metallic jacket over a black shirt, accessorized with multiple chains around his neck and dark sunglasses. He is smiling broadly while standing in a lively environment with blurred figures and colorful lighting in the background.",daddy yankee,celebcaption_public_figure,celebcaption,,,,,,detailed_with_name,5.jpg,daddy_yankee.jsonl,,,,,
celebcaption_daniel_radcliffe_001_summary_with_name,Close-up black and white portrait of Daniel Radcliffe.,daniel radcliffe,celebcaption_public_figure,celebcaption,,,,,,summary_with_name,1.jpg,daniel_radcliffe.jsonl,,,,,
celebcaption_daniel_radcliffe_002_summary_with_name,Daniel Radcliffe poses with a drink in a black and white photo.,daniel radcliffe,celebcaption_public_figure,celebcaption,,,,,,summary_with_name,2.jpg,daniel_radcliffe.jsonl,,,,,
celebcaption_daniel_radcliffe_003_summary_with_name,Daniel Radcliffe in a black and white serious side profile.,daniel radcliffe,celebcaption_public_figure,celebcaption,,,,,,summary_with_name,3.jpg,daniel_radcliffe.jsonl,,,,,
celebcaption_daniel_radcliffe_004_detailed_with_name,"Daniel Radcliffe is shown in a black and white photo, looking directly at the camera with a subtle smile. He has tousled dark hair, light eyes, and a lightly stubbled face, wearing a dark shirt in a softly lit indoor setting.",daniel radcliffe,celebcaption_public_figure,celebcaption,,,,,,detailed_with_name,4.jpg,daniel_radcliffe.jsonl,,,,,
celebcaption_daniel_radcliffe_005_detailed_with_name,"Daniel Radcliffe is dressed in a dark suit with a white shirt and a black tie, buttoning one cuff while looking confidently at the camera. The photo is a black-and-white portrait that emphasizes the sharpness of his suit and his composed expression.",daniel radcliffe,celebcaption_public_figure,celebcaption,,,,,,detailed_with_name,5.jpg,daniel_radcliffe.jsonl,,,,,
celebcaption_david_beckham_001_summary_with_name,Black and white portrait of David Beckham with contemplative expression.,david beckham,celebcaption_public_figure,celebcaption,,,,,,summary_with_name,1.jpg,david_beckham.jsonl,,,,,
celebcaption_david_beckham_002_summary_with_name,David Beckham poses in camouflage jacket with crossed arms.,david beckham,celebcaption_public_figure,celebcaption,,,,,,summary_with_name,2.jpg,david_beckham.jsonl,,,,,
celebcaption_david_beckham_003_summary_with_name,David Beckham in a black suit smiling and pointing to temple.,david beckham,celebcaption_public_figure,celebcaption,,,,,,summary_with_name,3.jpg,david_beckham.jsonl,,,,,
celebcaption_david_beckham_004_detailed_with_name,"David Beckham is sitting on a kitchen counter wearing a dark zip-up jacket with 'BROOKLYN' written on it, paired with jeans. The photograph is in black and white, capturing his tattoos, watch, and contemplative expression as he holds a small cup.",david beckham,celebcaption_public_figure,celebcaption,,,,,,detailed_with_name,4.jpg,david_beckham.jsonl,,,,,
celebcaption_david_beckham_005_detailed_with_name,"David Beckham is depicted in a black and white portrait with a neutral gray background, wearing a long-sleeve dark shirt. His right arm, adorned with visible tattoos, is crossed over his chest while he looks slightly to the side with a subtle smile.",david beckham,celebcaption_public_figure,celebcaption,,,,,,detailed_with_name,5.jpg,david_beckham.jsonl,,,,,
celebcaption_david_bowie_001_summary_with_name,David Bowie in iconic lightning bolt makeup against red background.,david bowie,celebcaption_public_figure,celebcaption,,,,,,summary_with_name,1.jpg,david_bowie.jsonl,,,,,
celebcaption_david_bowie_002_summary_with_name,David Bowie in colorful paisley suit holding red guitar.,david bowie,celebcaption_public_figure,celebcaption,,,,,,summary_with_name,2.jpg,david_bowie.jsonl,,,,,
celebcaption_david_bowie_003_summary_with_name,Close-up portrait of David Bowie with pale makeup and red hair.,david bowie,celebcaption_public_figure,celebcaption,,,,,,summary_with_name,3.jpg,david_bowie.jsonl,,,,,
celebcaption_david_bowie_004_detailed_with_name,"David Bowie is seated cross-legged on the floor in a recording studio, wearing a suit with a checkered shirt underneath. He appears to be focused on organizing or examining some papers on a clipboard, with a tambourine, a bottle, and a glass nearby.",david bowie,celebcaption_public_figure,celebcaption,,,,,,detailed_with_name,4.jpg,david_bowie.jsonl,,,,,
celebcaption_david_bowie_005_detailed_with_name,"David Bowie is shown wearing a dark pinstripe suit jacket over a white shirt, with a serious and somewhat concerned expression, standing indoors near a window with sheer curtains and dark drapes.",david bowie,celebcaption_public_figure,celebcaption,,,,,,detailed_with_name,5.jpg,david_bowie.jsonl,,,,,
celebcaption_demi_lovato_001_summary_with_name,Demi Lovato with loose wavy hair and red lipstick at an event.,demi lovato,celebcaption_public_figure,celebcaption,,,,,,summary_with_name,1.jpg,demi_lovato.jsonl,,,,,
celebcaption_demi_lovato_002_summary_with_name,Demi Lovato with wavy brown hair and bold red lipstick.,demi lovato,celebcaption_public_figure,celebcaption,,,,,,summary_with_name,2.jpg,demi_lovato.jsonl,,,,,
celebcaption_demi_lovato_003_summary_with_name,Demi Lovato shown performing in early and recent career photos.,demi lovato,celebcaption_public_figure,celebcaption,,,,,,summary_with_name,3.jpg,demi_lovato.jsonl,,,,,
celebcaption_demi_lovato_004_detailed_with_name,"Demi Lovato is wearing a deep red suit jacket and matching pants while sitting with her hands clasped. She has shoulder-length wavy brown hair and is speaking, with a microphone clipped to her jacket.",demi lovato,celebcaption_public_figure,celebcaption,,,,,,detailed_with_name,4.jpg,demi_lovato.jsonl,,,,,
celebcaption_demi_lovato_005_detailed_with_name,"Demi Lovato is seen smiling at an event, wearing a gray top and a long silver chain necklace with black square accents. She has dark wavy hair styled loosely around her shoulders and is posing against a bright, colorful background.",demi lovato,celebcaption_public_figure,celebcaption,,,,,,detailed_with_name,5.jpg,demi_lovato.jsonl,,,,,
celebcaption_denzel_washington_001_summary_with_name,Denzel Washington smiles in a tuxedo at a formal event.,denzel washington,celebcaption_public_figure,celebcaption,,,,,,summary_with_name,1.jpg,denzel_washington.jsonl,,,,,
celebcaption_denzel_washington_002_summary_with_name,Denzel Washington gazes intensely into the camera in a black shirt.,denzel washington,celebcaption_public_figure,celebcaption,,,,,,summary_with_name,2.jpg,denzel_washington.jsonl,,,,,
celebcaption_denzel_washington_003_summary_with_name,Denzel Washington in formal attire at a prestigious event.,denzel washington,celebcaption_public_figure,celebcaption,,,,,,summary_with_name,3.jpg,denzel_washington.jsonl,,,,,
celebcaption_denzel_washington_004_detailed_with_name,"Denzel Washington is seated with one leg crossed over the other, wearing a blue button-up shirt with rolled-up sleeves, black pants, and a black wristwatch, set against a simple interior background with wooden paneling and a beige carpet.",denzel washington,celebcaption_public_figure,celebcaption,,,,,,detailed_with_name,4.jpg,denzel_washington.jsonl,,,,,
celebcaption_denzel_washington_005_detailed_with_name,"Denzel Washington is shown in a close-up photograph, wearing a black collared shirt with a neutral expression. The background is blurred with architectural elements and greenery, highlighting his face clearly.",denzel washington,celebcaption_public_figure,celebcaption,,,,,,detailed_with_name,5.jpg,denzel_washington.jsonl,,,,,
celebcaption_diego_maradona_001_summary_with_name,Diego Maradona on red carpet with a tall man.,diego maradona,celebcaption_public_figure,celebcaption,,,,,,summary_with_name,1.jpg,diego_maradona.jsonl,,,,,
celebcaption_diego_maradona_002_summary_with_name,Diego Maradona shows disappointment as opponents celebrate in soccer match.,diego maradona,celebcaption_public_figure,celebcaption,,,,,,summary_with_name,2.jpg,diego_maradona.jsonl,,,,,
celebcaption_diego_maradona_003_summary_with_name,Diego Maradona raises fist wearing Boca Juniors soccer captain armband.,diego maradona,celebcaption_public_figure,celebcaption,,,,,,summary_with_name,3.jpg,diego_maradona.jsonl,,,,,
celebcaption_diego_maradona_004_detailed_with_name,"Diego Maradona is seen smiling and dressed in a dark pinstriped suit with a white shirt and a pink patterned tie, standing next to a young woman in a bright yellow dress with long wavy hair. The scene appears to be a formal event or red carpet, with other people and photographers visible in the background.",diego maradona,celebcaption_public_figure,celebcaption,,,,,,detailed_with_name,4.jpg,diego_maradona.jsonl,,,,,
celebcaption_diego_maradona_005_detailed_with_name,"Diego Maradona is seen shirtless on a boat, reclining with both arms raised high in a celebratory or relaxed manner. The background shows the interior of the boat with striped cushions and reflective glass.",diego maradona,celebcaption_public_figure,celebcaption,,,,,,detailed_with_name,5.jpg,diego_maradona.jsonl,,,,,
celebcaption_donald_trump_001_summary_with_name,Behind the scenes of Donald Trump's glamour photo shoot.,donald trump,celebcaption_public_figure,celebcaption,,,,,,summary_with_name,1.jpg,donald_trump.jsonl,,,,,
celebcaption_donald_trump_002_summary_with_name,Donald Trump points forward in a dark suit against black background.,donald trump,celebcaption_public_figure,celebcaption,,,,,,summary_with_name,2.jpg,donald_trump.jsonl,,,,,
celebcaption_donald_trump_003_summary_with_name,Donald Trump speaking at a presidential podium with US flag.,donald trump,celebcaption_public_figure,celebcaption,,,,,,summary_with_name,3.jpg,donald_trump.jsonl,,,,,
celebcaption_donald_trump_004_detailed_with_name,"Donald Trump is seen wearing a dark navy suit with a white shirt and a bright red tie, waving his right hand. He is outdoors with a blurred background of vehicles and another person wearing sunglasses and a mask.",donald trump,celebcaption_public_figure,celebcaption,,,,,,detailed_with_name,4.jpg,donald_trump.jsonl,,,,,
celebcaption_donald_trump_005_detailed_with_name,"Donald Trump is speaking into a microphone outdoors, wearing a dark navy suit, white shirt, and a striped tie, with an American flag visible in the background. He appears to be gesturing with his hand while addressing an audience or press.",donald trump,celebcaption_public_figure,celebcaption,,,,,,detailed_with_name,5.jpg,donald_trump.jsonl,,,,,
celebcaption_dr_dre_001_summary_with_name,Dr. Dre sits on a white sofa in a dim setting.,dr. dre,celebcaption_public_figure,celebcaption,,,,,,summary_with_name,1.jpg,dr._dre.jsonl,,,,,
celebcaption_dr_dre_002_summary_with_name,Dr. Dre poses with a gentle smile and thoughtful expression.,dr. dre,celebcaption_public_figure,celebcaption,,,,,,summary_with_name,2.jpg,dr._dre.jsonl,,,,,
celebcaption_dr_dre_003_summary_with_name,Close-up of Dr. Dre wearing diamond earrings and black top.,dr. dre,celebcaption_public_figure,celebcaption,,,,,,summary_with_name,3.jpg,dr._dre.jsonl,,,,,
celebcaption_dr_dre_004_detailed_with_name,"This is a close-up portrait of Dr. Dre, showcasing his facial features with high detail, including his skin texture, slight scars, and earrings. The lighting highlights his eyes and the natural contours of his face, giving a clear and intimate view of the well-known music producer and rapper.",dr. dre,celebcaption_public_figure,celebcaption,,,,,,detailed_with_name,4.jpg,dr._dre.jsonl,,,,,
celebcaption_dr_dre_005_detailed_with_name,"Dr. Dre is depicted in a contemplative pose with his hand cupped near his ear, set against a vibrant backdrop illuminated by striking blue and red lighting effects. The photo captures the intensity and focus in Dr. Dre's expression, highlighting his persona in a dramatic and artistic style.",dr. dre,celebcaption_public_figure,celebcaption,,,,,,detailed_with_name,5.jpg,dr._dre.jsonl,,,,,
celebcaption_dwayne_johnson_001_summary_with_name,Dwayne Johnson poses confidently with arms crossed.,dwayne johnson,celebcaption_public_figure,celebcaption,,,,,,summary_with_name,1.jpg,dwayne_johnson.jsonl,,,,,
celebcaption_dwayne_johnson_002_summary_with_name,Dwayne Johnson holds a trophy and microphone on stage.,dwayne johnson,celebcaption_public_figure,celebcaption,,,,,,summary_with_name,2.jpg,dwayne_johnson.jsonl,,,,,
celebcaption_dwayne_johnson_003_summary_with_name,Dwayne Johnson poses in a floral patterned blazer.,dwayne johnson,celebcaption_public_figure,celebcaption,,,,,,summary_with_name,3.jpg,dwayne_johnson.jsonl,,,,,
celebcaption_dwayne_johnson_004_detailed_with_name,"Dwayne Johnson is dressed in a black and white checkered suit jacket and matching vest over a light-colored collared shirt, posing against a blue and green gradient background with a thoughtful expression.",dwayne johnson,celebcaption_public_figure,celebcaption,,,,,,detailed_with_name,4.jpg,dwayne_johnson.jsonl,,,,,
celebcaption_dwayne_johnson_005_detailed_with_name,"Dwayne Johnson is wearing a grey checkered suit with a white dress shirt underneath, posing confidently with one hand in his pocket and the other adjusting his jacket. He is smiling broadly in front of a backdrop that appears to be related to an event or movie premiere.",dwayne johnson,celebcaption_public_figure,celebcaption,,,,,,detailed_with_name,5.jpg,dwayne_johnson.jsonl,,,,,
celebcaption_ed_sheeran_001_summary_with_name,Ed Sheeran wears a vibrant multicolored suit at MTV EMAs 2021.,ed sheeran,celebcaption_public_figure,celebcaption,,,,,,summary_with_name,1.jpg,ed_sheeran.jsonl,,,,,
celebcaption_ed_sheeran_002_summary_with_name,Ed Sheeran wears a blue velvet suit at BRIT Awards 2022.,ed sheeran,celebcaption_public_figure,celebcaption,,,,,,summary_with_name,2.jpg,ed_sheeran.jsonl,,,,,
celebcaption_ed_sheeran_003_summary_with_name,Ed Sheeran on red carpet in ornate blazer and black pants.,ed sheeran,celebcaption_public_figure,celebcaption,,,,,,summary_with_name,3.jpg,ed_sheeran.jsonl,,,,,
celebcaption_ed_sheeran_004_detailed_with_name,"Ed Sheeran is shown wearing a multi-patterned jacket with a beige, green, and dark-toned checkered design, standing against a backdrop with a large gold circular design and black perforated patterns. He has ginger hair, light facial hair, and is looking slightly to his left with a subtle smile.",ed sheeran,celebcaption_public_figure,celebcaption,,,,,,detailed_with_name,4.jpg,ed_sheeran.jsonl,,,,,
celebcaption_ed_sheeran_005_detailed_with_name,"Ed Sheeran stands confidently on a red carpet, wearing a unique green and brown camouflage-patterned jacket and matching pants, paired with black sneakers. The background features a textured black wall with golden gramophone trophies, indicating a music-related event.",ed sheeran,celebcaption_public_figure,celebcaption,,,,,,detailed_with_name,5.jpg,ed_sheeran.jsonl,,,,,
celebcaption_eddie_murphy_001_summary_with_name,Eddie Murphy stands beside a woman near a yellow sports car.,eddie murphy,celebcaption_public_figure,celebcaption,,,,,,summary_with_name,1.jpg,eddie_murphy.jsonl,,,,,
celebcaption_eddie_murphy_002_summary_with_name,Eddie Murphy attends the Golden Globe Awards in a black tuxedo.,eddie murphy,celebcaption_public_figure,celebcaption,,,,,,summary_with_name,2.jpg,eddie_murphy.jsonl,,,,,
celebcaption_eddie_murphy_003_summary_with_name,Eddie Murphy poses at a Golden Globe awards event.,eddie murphy,celebcaption_public_figure,celebcaption,,,,,,summary_with_name,3.jpg,eddie_murphy.jsonl,,,,,
celebcaption_eddie_murphy_004_detailed_with_name,"Eddie Murphy is wearing a black suit and glasses, holding a Golden Globe award at what appears to be a press event for the Globe Awards. He has a neatly trimmed mustache and goatee, and his expression is confident and composed.",eddie murphy,celebcaption_public_figure,celebcaption,,,,,,detailed_with_name,4.jpg,eddie_murphy.jsonl,,,,,
celebcaption_eddie_murphy_005_detailed_with_name,"Eddie Murphy is seen speaking animatedly, wearing a black zip-up hoodie with a black t-shirt underneath. He has a mustache, small diamond earrings, and gestures expressively with both hands while appearing engaged in conversation.",eddie murphy,celebcaption_public_figure,celebcaption,,,,,,detailed_with_name,5.jpg,eddie_murphy.jsonl,,,,,
celebcaption_elizabeth_olsen_001_summary_with_name,Elizabeth Olsen poses at a gaming event with a soft smile.,elizabeth olsen,celebcaption_public_figure,celebcaption,,,,,,summary_with_name,1.jpg,elizabeth_olsen.jsonl,,,,,
celebcaption_elizabeth_olsen_002_summary_with_name,Elizabeth Olsen poses in a white gown at Deauville Film Festival.,elizabeth olsen,celebcaption_public_figure,celebcaption,,,,,,summary_with_name,2.jpg,elizabeth_olsen.jsonl,,,,,
celebcaption_elizabeth_olsen_003_summary_with_name,Elizabeth Olsen lies injured on snow in tactical gear.,elizabeth olsen,celebcaption_public_figure,celebcaption,,,,,,summary_with_name,3.jpg,elizabeth_olsen.jsonl,,,,,
celebcaption_elizabeth_olsen_004_detailed_with_name,Elizabeth Olsen is photographed outdoors against a green hedge backdrop with the text 'SINCE 185' visible. She is wearing a black outfit and is captured mid-wink with her face turned slightly to the side in natural light.,elizabeth olsen,celebcaption_public_figure,celebcaption,,,,,,detailed_with_name,4.jpg,elizabeth_olsen.jsonl,,,,,
celebcaption_elizabeth_olsen_005_detailed_with_name,"Elizabeth Olsen is standing on a blue carpet with a scenic beach sunset background. She is wearing a long black coat over black clothing and black leather boots, with her hands crossed loosely in front of her.",elizabeth olsen,celebcaption_public_figure,celebcaption,,,,,,detailed_with_name,5.jpg,elizabeth_olsen.jsonl,,,,,
celebcaption_elon_musk_001_summary_with_name,Elon Musk stands casually on a suburban street with a woman.,elon musk,celebcaption_public_figure,celebcaption,,,,,,summary_with_name,1.jpg,elon_musk.jsonl,,,,,
celebcaption_elon_musk_002_summary_with_name,Elon Musk smiling outdoors wearing a brown jacket.,elon musk,celebcaption_public_figure,celebcaption,,,,,,summary_with_name,2.jpg,elon_musk.jsonl,,,,,
celebcaption_elon_musk_003_summary_with_name,"Elon Musk sitting in car, smiling and talking with woman.",elon musk,celebcaption_public_figure,celebcaption,,,,,,summary_with_name,3.jpg,elon_musk.jsonl,,,,,
celebcaption_elon_musk_004_detailed_with_name,"Elon Musk is shown in a close-up image with a slight smile, appearing to be engaged in a conversation in a softly lit environment. His expression is relaxed, and he is dressed casually, suggesting an informal setting.",elon musk,celebcaption_public_figure,celebcaption,,,,,,detailed_with_name,4.jpg,elon_musk.jsonl,,,,,
celebcaption_elon_musk_005_detailed_with_name,"The image shows Elon Musk in 1999 wearing a light brown blazer over a dark shirt, standing outside in front of a house and greenery during a CNN interview. Elon Musk is identified as the CEO of X.com in this archival footage.",elon musk,celebcaption_public_figure,celebcaption,,,,,,detailed_with_name,5.jpg,elon_musk.jsonl,,,,,
celebcaption_elvis_presley_001_summary_with_name,Portrait of Elvis Presley in 1950s classic style.,elvis presley,celebcaption_public_figure,celebcaption,,,,,,summary_with_name,1.jpg,elvis_presley.jsonl,,,,,
celebcaption_elvis_presley_002_summary_with_name,Close-up portrait of Elvis Presley with iconic hairstyle.,elvis presley,celebcaption_public_figure,celebcaption,,,,,,summary_with_name,2.jpg,elvis_presley.jsonl,,,,,
celebcaption_elvis_presley_003_summary_with_name,Formal portrait of Elvis Presley in early career attire.,elvis presley,celebcaption_public_figure,celebcaption,,,,,,summary_with_name,3.jpg,elvis_presley.jsonl,,,,,
celebcaption_elvis_presley_004_detailed_with_name,"This close-up portrait of Elvis Presley shows him with neatly styled black hair, light eyes, and a serious expression. He is wearing a white shirt and a bright red tie, highlighting his classic and polished appearance during his prime years.",elvis presley,celebcaption_public_figure,celebcaption,,,,,,detailed_with_name,4.jpg,elvis_presley.jsonl,,,,,
celebcaption_elvis_presley_005_detailed_with_name,"This black and white portrait features Elvis Presley with neatly styled hair, wearing a collared striped shirt under a jacket. The background is filled with numerous roses, adding depth and contrast to the classic image of the iconic singer.",elvis presley,celebcaption_public_figure,celebcaption,,,,,,detailed_with_name,5.jpg,elvis_presley.jsonl,,,,,
celebcaption_emma_stone_001_summary_with_name,Emma Stone smiling with wavy auburn hair and blue blouse.,emma stone,celebcaption_public_figure,celebcaption,,,,,,summary_with_name,1.jpg,emma_stone.jsonl,,,,,
celebcaption_emma_stone_002_summary_with_name,Emma Stone poses on the red carpet in a blue dress.,emma stone,celebcaption_public_figure,celebcaption,,,,,,summary_with_name,2.jpg,emma_stone.jsonl,,,,,
celebcaption_emma_stone_003_summary_with_name,Emma Stone in a white strapless mini dress at event.,emma stone,celebcaption_public_figure,celebcaption,,,,,,summary_with_name,3.jpg,emma_stone.jsonl,,,,,
celebcaption_emma_stone_004_detailed_with_name,"Emma Stone is standing on a red carpet in front of a yellow backdrop with red and black text. She is wearing a sleeveless blue dress with ruffled shoulders and black pointed high heels, smiling directly at the camera.",emma stone,celebcaption_public_figure,celebcaption,,,,,,detailed_with_name,4.jpg,emma_stone.jsonl,,,,,
celebcaption_emma_stone_005_detailed_with_name,"Emma Stone is seen smiling warmly with shoulder-length wavy auburn hair, wearing a light-colored sleeveless top and a delicate necklace, set against a softly blurred outdoor background.",emma stone,celebcaption_public_figure,celebcaption,,,,,,detailed_with_name,5.jpg,emma_stone.jsonl,,,,,
celebcaption_emma_watson_001_summary_with_name,Emma Watson speaks at a G7 France event.,emma watson,celebcaption_public_figure,celebcaption,,,,,,summary_with_name,1.jpg,emma_watson.jsonl,,,,,
celebcaption_emma_watson_002_summary_with_name,Emma Watson in a black blazer holding a folder and smiling.,emma watson,celebcaption_public_figure,celebcaption,,,,,,summary_with_name,2.jpg,emma_watson.jsonl,,,,,
celebcaption_emma_watson_003_summary_with_name,Emma Watson wearing floral blazer surrounded by women.,emma watson,celebcaption_public_figure,celebcaption,,,,,,summary_with_name,3.jpg,emma_watson.jsonl,,,,,
celebcaption_emma_watson_004_detailed_with_name,"Emma Watson is seen speaking or presenting at a podium with microphones, wearing a light blue blazer over a white shirt, with a focused and engaged expression. Behind her is a blurred background featuring circular red and blue graphics.",emma watson,celebcaption_public_figure,celebcaption,,,,,,detailed_with_name,4.jpg,emma_watson.jsonl,,,,,
celebcaption_emma_watson_005_detailed_with_name,"Emma Watson is seen speaking at a podium with a microphone, wearing a light blue blazer and a white shirt. She appears engaged and expressive while addressing an audience, with a white presentation board featuring circular designs in the background.",emma watson,celebcaption_public_figure,celebcaption,,,,,,detailed_with_name,5.jpg,emma_watson.jsonl,,,,,
celebcaption_enrique_iglesias_001_summary_with_name,Enrique Iglesias poses in a grey zip-up jacket against blue.,enrique iglesias,celebcaption_public_figure,celebcaption,,,,,,summary_with_name,1.jpg,enrique_iglesias.jsonl,,,,,
celebcaption_enrique_iglesias_002_summary_with_name,Enrique Iglesias in a black shirt with a serious expression.,enrique iglesias,celebcaption_public_figure,celebcaption,,,,,,summary_with_name,2.jpg,enrique_iglesias.jsonl,,,,,
celebcaption_enrique_iglesias_003_summary_with_name,Enrique Iglesias passionately singing on stage with a microphone.,enrique iglesias,celebcaption_public_figure,celebcaption,,,,,,summary_with_name,3.jpg,enrique_iglesias.jsonl,,,,,
celebcaption_enrique_iglesias_004_detailed_with_name,"Enrique Iglesias is seen performing on stage wearing a black cap and black t-shirt, standing behind a microphone with colorful stage lights in the background. He is smiling and appears engaged with the audience during his performance.",enrique iglesias,celebcaption_public_figure,celebcaption,,,,,,detailed_with_name,4.jpg,enrique_iglesias.jsonl,,,,,
celebcaption_enrique_iglesias_005_detailed_with_name,"Enrique Iglesias is passionately singing into a microphone, wearing a red shirt and a necklace, with his eyes closed and an expressive facial expression. The lighting highlights his face and arm against a dark background, emphasizing his emotional performance.",enrique iglesias,celebcaption_public_figure,celebcaption,,,,,,detailed_with_name,5.jpg,enrique_iglesias.jsonl,,,,,
celebcaption_floyd_mayweather_001_summary_with_name,Floyd Mayweather in a classic boxing defensive pose.,floyd mayweather,celebcaption_public_figure,celebcaption,,,,,,summary_with_name,1.jpg,floyd_mayweather.jsonl,,,,,
celebcaption_floyd_mayweather_002_summary_with_name,Floyd Mayweather posing shirtless with boxing gloves.,floyd mayweather,celebcaption_public_figure,celebcaption,,,,,,summary_with_name,2.jpg,floyd_mayweather.jsonl,,,,,
celebcaption_floyd_mayweather_003_summary_with_name,Digital painting of boxer Floyd Mayweather shouting passionately.,floyd mayweather,celebcaption_public_figure,celebcaption,,,,,,summary_with_name,3.jpg,floyd_mayweather.jsonl,,,,,
celebcaption_floyd_mayweather_004_detailed_with_name,"Floyd Mayweather is pictured shirtless in a boxing ring, wearing red gloves and gold trunks with the logo 'Hublot' visible on his waistband. He is positioned in a fighting stance with a confident expression, with lighting and confetti creating a celebratory atmosphere.",floyd mayweather,celebcaption_public_figure,celebcaption,,,,,,detailed_with_name,4.jpg,floyd_mayweather.jsonl,,,,,
celebcaption_floyd_mayweather_005_detailed_with_name,"Floyd Mayweather is seen delivering a powerful right-hand punch to his opponent during a professional boxing match, with sweat and impact visible around the strike. Mayweather's focus and precision are evident as he connects cleanly, showcasing his defensive and offensive skills within the ring.",floyd mayweather,celebcaption_public_figure,celebcaption,,,,,,detailed_with_name,5.jpg,floyd_mayweather.jsonl,,,,,
celebcaption_freddie_mercury_001_summary_with_name,Freddie Mercury sings and plays piano during a live performance.,freddie mercury,celebcaption_public_figure,celebcaption,,,,,,summary_with_name,1.jpg,freddie_mercury.jsonl,,,,,
celebcaption_freddie_mercury_002_summary_with_name,Freddie Mercury performs on stage in a royal costume.,freddie mercury,celebcaption_public_figure,celebcaption,,,,,,summary_with_name,2.jpg,freddie_mercury.jsonl,,,,,
celebcaption_freddie_mercury_003_summary_with_name,Freddie Mercury passionately performs on stage with microphone.,freddie mercury,celebcaption_public_figure,celebcaption,,,,,,summary_with_name,3.jpg,freddie_mercury.jsonl,,,,,
celebcaption_freddie_mercury_004_detailed_with_name,"Freddie Mercury is captured mid-performance, holding a microphone in one hand with his other arm raised high. He is wearing a white tank top and a studded armband, with a musician in the background playing an instrument.",freddie mercury,celebcaption_public_figure,celebcaption,,,,,,detailed_with_name,4.jpg,freddie_mercury.jsonl,,,,,
celebcaption_freddie_mercury_005_detailed_with_name,"Freddie Mercury is performing on stage wearing a gold crown and a red and white royal cape, raising his right arm with a clenched fist in a powerful and iconic pose under bright stage lights. He is shirtless and wears white pants, embodying his famous flamboyant stage presence during concerts.",freddie mercury,celebcaption_public_figure,celebcaption,,,,,,detailed_with_name,5.jpg,freddie_mercury.jsonl,,,,,
celebcaption_gal_gadot_001_summary_with_name,Gal Gadot smiles warmly in a damaged black shirt close-up.,gal gadot,celebcaption_public_figure,celebcaption,,,,,,summary_with_name,1.jpg,gal_gadot.jsonl,,,,,
celebcaption_gal_gadot_002_summary_with_name,Gal Gadot smiling warmly during a movie interview.,gal gadot,celebcaption_public_figure,celebcaption,,,,,,summary_with_name,2.jpg,gal_gadot.jsonl,,,,,
celebcaption_gal_gadot_003_summary_with_name,Gal Gadot talks in front of a Wonder Woman movie backdrop.,gal gadot,celebcaption_public_figure,celebcaption,,,,,,summary_with_name,3.jpg,gal_gadot.jsonl,,,,,
celebcaption_gal_gadot_004_detailed_with_name,"Gal Gadot is seated in a director's chair, speaking expressively with her hands while wearing a sleeveless black outfit against a softly blurred background featuring large windows. There are subtitles in Thai at the bottom of the image, indicating she is part of an interview or documentary.",gal gadot,celebcaption_public_figure,celebcaption,,,,,,detailed_with_name,4.jpg,gal_gadot.jsonl,,,,,
celebcaption_gal_gadot_005_detailed_with_name,"Gal Gadot is seated in a chair wearing a sleeveless black top with a deep V neckline. She is looking slightly to the side with her hands clasped in front of her, against a softly blurred background with steps.",gal gadot,celebcaption_public_figure,celebcaption,,,,,,detailed_with_name,5.jpg,gal_gadot.jsonl,,,,,
celebcaption_gareth_bale_001_summary_with_name,Gareth Bale celebrates a goal in a Tottenham Hotspur match.,gareth bale,celebcaption_public_figure,celebcaption,,,,,,summary_with_name,1.jpg,gareth_bale.jsonl,,,,,
celebcaption_gareth_bale_002_summary_with_name,Gareth Bale in action playing for Tottenham Hotspur.,gareth bale,celebcaption_public_figure,celebcaption,,,,,,summary_with_name,2.jpg,gareth_bale.jsonl,,,,,
celebcaption_gareth_bale_003_summary_with_name,Gareth Bale playing football for Tottenham Hotspur.,gareth bale,celebcaption_public_figure,celebcaption,,,,,,summary_with_name,3.jpg,gareth_bale.jsonl,,,,,
celebcaption_gareth_bale_004_detailed_with_name,"Gareth Bale is captured in action wearing a Tottenham Hotspur football jersey, featuring the club's crest and Puma logo. He appears focused and engaged in a competitive match setting.",gareth bale,celebcaption_public_figure,celebcaption,,,,,,detailed_with_name,4.jpg,gareth_bale.jsonl,,,,,
celebcaption_gareth_bale_005_detailed_with_name,"Gareth Bale is seen celebrating during a soccer match wearing a white Tottenham Hotspur jersey with the sponsor Aurasma on the front. He is running forward with his tongue out and fists clenched, showing an intense expression during the game.",gareth bale,celebcaption_public_figure,celebcaption,,,,,,detailed_with_name,5.jpg,gareth_bale.jsonl,,,,,
celebcaption_george_clooney_001_summary_with_name,George Clooney in a close-up portrait with a reflective background.,george clooney,celebcaption_public_figure,celebcaption,,,,,,summary_with_name,1.jpg,george_clooney.jsonl,,,,,
celebcaption_george_clooney_002_summary_with_name,George Clooney sits at an outdoor table with another man.,george clooney,celebcaption_public_figure,celebcaption,,,,,,summary_with_name,2.jpg,george_clooney.jsonl,,,,,
celebcaption_george_clooney_003_summary_with_name,George Clooney smiles warmly outdoors in tan overcoat.,george clooney,celebcaption_public_figure,celebcaption,,,,,,summary_with_name,3.jpg,george_clooney.jsonl,,,,,
celebcaption_george_clooney_004_detailed_with_name,"George Clooney is pictured wearing a classic black tuxedo with a black bow tie at a formal event. He is slightly smiling and his right hand is positioned near his abdomen, standing amid a crowd in the background.",george clooney,celebcaption_public_figure,celebcaption,,,,,,detailed_with_name,4.jpg,george_clooney.jsonl,,,,,
celebcaption_george_clooney_005_detailed_with_name,"George Clooney is pictured in a close-up portrait, looking off to the side. He is wearing a blue collared shirt under a black leather jacket, and his short hair is graying, complementing his mature and thoughtful expression.",george clooney,celebcaption_public_figure,celebcaption,,,,,,detailed_with_name,5.jpg,george_clooney.jsonl,,,,,
celebcaption_hillary_clinton_001_summary_with_name,Hillary Clinton smiling and waving at a public event.,hillary clinton,celebcaption_public_figure,celebcaption,,,,,,summary_with_name,1.jpg,hillary_clinton.jsonl,,,,,
celebcaption_hillary_clinton_002_summary_with_name,Hillary Clinton speaking at a microphone with a serious expression.,hillary clinton,celebcaption_public_figure,celebcaption,,,,,,summary_with_name,2.jpg,hillary_clinton.jsonl,,,,,
celebcaption_hillary_clinton_003_summary_with_name,Hillary Clinton smiling in formal attire with gold accessories.,hillary clinton,celebcaption_public_figure,celebcaption,,,,,,summary_with_name,3.jpg,hillary_clinton.jsonl,,,,,
celebcaption_hillary_clinton_004_detailed_with_name,"Hillary Clinton is shown delivering a speech or statement, standing behind a podium with microphones. She is wearing a black outfit complemented by pearl earrings and a brooch, with a composed and attentive expression.",hillary clinton,celebcaption_public_figure,celebcaption,,,,,,detailed_with_name,4.jpg,hillary_clinton.jsonl,,,,,
celebcaption_hillary_clinton_005_detailed_with_name,"Hillary Clinton is seen wearing a black outfit adorned with a pearl necklace and a decorative brooch, smiling with a slightly amused expression against a neutral background.",hillary clinton,celebcaption_public_figure,celebcaption,,,,,,detailed_with_name,5.jpg,hillary_clinton.jsonl,,,,,
celebcaption_hugh_jackman_001_summary_with_name,"Hugh Jackman smiling with a beard, holding a glass indoors.",hugh jackman,celebcaption_public_figure,celebcaption,,,,,,summary_with_name,1.jpg,hugh_jackman.jsonl,,,,,
celebcaption_hugh_jackman_002_summary_with_name,Hugh Jackman laughing with a man at a formal event.,hugh jackman,celebcaption_public_figure,celebcaption,,,,,,summary_with_name,2.jpg,hugh_jackman.jsonl,,,,,
celebcaption_hugh_jackman_003_summary_with_name,Hugh Jackman speaking at a panel event with a microphone.,hugh jackman,celebcaption_public_figure,celebcaption,,,,,,summary_with_name,3.jpg,hugh_jackman.jsonl,,,,,
celebcaption_hugh_jackman_004_detailed_with_name,"Hugh Jackman is seen wearing a black tuxedo with a white shirt and black bow tie, sporting a well-groomed beard and neatly styled hair. He smiles gently at the camera against a formal event backdrop.",hugh jackman,celebcaption_public_figure,celebcaption,,,,,,detailed_with_name,4.jpg,hugh_jackman.jsonl,,,,,
celebcaption_hugh_jackman_005_detailed_with_name,"Hugh Jackman is shown in a close-up image wearing a black turtleneck and a dark blazer, with his hair neatly styled and a slight smile on his face. The background is dark, which highlights his facial features and attire prominently.",hugh jackman,celebcaption_public_figure,celebcaption,,,,,,detailed_with_name,5.jpg,hugh_jackman.jsonl,,,,,
celebcaption_idina_menzel_001_summary_with_name,Idina Menzel in white blouse with bright pink skirt.,idina menzel,celebcaption_public_figure,celebcaption,,,,,,summary_with_name,1.jpg,idina_menzel.jsonl,,,,,
celebcaption_idina_menzel_002_summary_with_name,Idina Menzel smiling warmly in a patterned blazer close-up.,idina menzel,celebcaption_public_figure,celebcaption,,,,,,summary_with_name,2.jpg,idina_menzel.jsonl,,,,,
celebcaption_idina_menzel_003_summary_with_name,Close-up portrait of Idina Menzel with highlighted wavy hair.,idina menzel,celebcaption_public_figure,celebcaption,,,,,,summary_with_name,3.jpg,idina_menzel.jsonl,,,,,
celebcaption_idina_menzel_004_detailed_with_name,"Idina Menzel is seen smiling brightly while standing on stage and speaking into a microphone. She is wearing a shiny black blazer with matching earrings and a necklace, with a sparkling purple backdrop behind her.",idina menzel,celebcaption_public_figure,celebcaption,,,,,,detailed_with_name,4.jpg,idina_menzel.jsonl,,,,,
celebcaption_idina_menzel_005_detailed_with_name,Idina Menzel is sitting on a couch during what appears to be a talk show or interview setting. She is wearing a stylish black sequined outfit with matching high-heeled shoes and is smiling while engaging with others off-camera.,idina menzel,celebcaption_public_figure,celebcaption,,,,,,detailed_with_name,5.jpg,idina_menzel.jsonl,,,,,
celebcaption_j_k_rowling_001_summary_with_name,J.K. Rowling with red hair smiles in a close-up portrait.,j.k. rowling,celebcaption_public_figure,celebcaption,,,,,,summary_with_name,1.jpg,j.k._rowling.jsonl,,,,,
celebcaption_j_k_rowling_002_summary_with_name,J.K. Rowling sitting on a leather sofa with a subtle smile.,j.k. rowling,celebcaption_public_figure,celebcaption,,,,,,summary_with_name,2.jpg,j.k._rowling.jsonl,,,,,
celebcaption_j_k_rowling_003_summary_with_name,J.K. Rowling poses elegantly in a dark sheer dress and diamond earrings.,j.k. rowling,celebcaption_public_figure,celebcaption,,,,,,summary_with_name,3.jpg,j.k._rowling.jsonl,,,,,
celebcaption_j_k_rowling_004_detailed_with_name,"J.K. Rowling is seen posing confidently on the red carpet at the premiere of 'Fantastic Beasts: The Secrets of Dumbledore,' wearing a navy blue dress with a sheer black shawl and elegant jewelry including a distinctive ring and earrings. The backdrop prominently displays the movie title in gold lettering, highlighting the event's significance to the Harry Potter universe.",j.k. rowling,celebcaption_public_figure,celebcaption,,,,,,detailed_with_name,4.jpg,j.k._rowling.jsonl,,,,,
celebcaption_j_k_rowling_005_detailed_with_name,"J.K. Rowling is portrayed in this close-up image with red hair and striking blue eyes, wearing makeup that includes long eyelashes and glossy lipstick. Her expression is calm and confident, highlighting her distinctive facial features clearly against a neutral background.",j.k. rowling,celebcaption_public_figure,celebcaption,,,,,,detailed_with_name,5.jpg,j.k._rowling.jsonl,,,,,
celebcaption_james_cameron_001_summary_with_name,"James Cameron poses with a 3D camera, highlighting filmmaking.",james cameron,celebcaption_public_figure,celebcaption,,,,,,summary_with_name,1.jpg,james_cameron.jsonl,,,,,
celebcaption_james_cameron_002_summary_with_name,James Cameron discusses Titanic in a formal interview setting.,james cameron,celebcaption_public_figure,celebcaption,,,,,,summary_with_name,2.jpg,james_cameron.jsonl,,,,,
celebcaption_james_cameron_003_summary_with_name,James Cameron featured in Aliens Expanded documentary promotional image.,james cameron,celebcaption_public_figure,celebcaption,,,,,,summary_with_name,3.jpg,james_cameron.jsonl,,,,,
celebcaption_james_cameron_004_detailed_with_name,"James Cameron is shown seated in front of a backdrop featuring a scene from the movie Avatar, wearing a black zip-up sweater and looking directly at the camera. The image prominently displays the title 'James Cameron's Avatar' in the lower right corner, indicating his role as the filmmaker behind the project.",james cameron,celebcaption_public_figure,celebcaption,,,,,,detailed_with_name,4.jpg,james_cameron.jsonl,,,,,
celebcaption_james_cameron_005_detailed_with_name,"James Cameron is shown in an interview setting with a serious expression, wearing a dark shirt, and a microphone clipped to his collar. Behind him, there is a blurred poster for the documentary 'Years of Living Dangerously,' suggesting the context may be related to environmental or climate issues.",james cameron,celebcaption_public_figure,celebcaption,,,,,,detailed_with_name,5.jpg,james_cameron.jsonl,,,,,
celebcaption_jared_leto_001_summary_with_name,Black-and-white close-up portrait of Jared Leto with intense gaze.,jared leto,celebcaption_public_figure,celebcaption,,,,,,summary_with_name,1.jpg,jared_leto.jsonl,,,,,
celebcaption_jared_leto_002_summary_with_name,Jared Leto wearing a denim jacket with Gucci patch.,jared leto,celebcaption_public_figure,celebcaption,,,,,,summary_with_name,2.jpg,jared_leto.jsonl,,,,,
celebcaption_jared_leto_003_summary_with_name,Black and white portrait of Jared Leto with beard and beanie.,jared leto,celebcaption_public_figure,celebcaption,,,,,,summary_with_name,3.jpg,jared_leto.jsonl,,,,,
celebcaption_jared_leto_004_detailed_with_name,"Jared Leto is sitting on a metal chair outdoors, wearing a black t-shirt and a black leather wrist cuff. He has long, slightly wavy hair with blonde tips, a full beard, and is looking directly at the camera with an intense expression while crossing his arms.",jared leto,celebcaption_public_figure,celebcaption,,,,,,detailed_with_name,4.jpg,jared_leto.jsonl,,,,,
celebcaption_jared_leto_005_detailed_with_name,"Jared Leto is depicted in a close-up portrait with intense blue eyes and tousled dark hair. He is wearing a denim jacket and has a subtle beard and mustache, set against a plain gray background.",jared leto,celebcaption_public_figure,celebcaption,,,,,,detailed_with_name,5.jpg,jared_leto.jsonl,,,,,
celebcaption_jason_statham_001_summary_with_name,Jason Statham wearing black sunglasses and a dark suit.,jason statham,celebcaption_public_figure,celebcaption,,,,,,summary_with_name,1.jpg,jason_statham.jsonl,,,,,
celebcaption_jason_statham_002_summary_with_name,Jason Statham in a serious pose wearing a quilted jacket.,jason statham,celebcaption_public_figure,celebcaption,,,,,,summary_with_name,2.jpg,jason_statham.jsonl,,,,,
celebcaption_jason_statham_003_summary_with_name,Jason Statham in an intense close-up portrait.,jason statham,celebcaption_public_figure,celebcaption,,,,,,summary_with_name,3.jpg,jason_statham.jsonl,,,,,
celebcaption_jason_statham_004_detailed_with_name,"Jason Statham is shown in a close-up image wearing a grey suit jacket, dark olive green shirt, and a matching knitted tie, with a serious expression on his face. His head is shaved, and he has a short beard, set against a blurred background likely at a public event or premiere.",jason statham,celebcaption_public_figure,celebcaption,,,,,,detailed_with_name,4.jpg,jason_statham.jsonl,,,,,
celebcaption_jason_statham_005_detailed_with_name,"Jason Statham is seen walking on the sidewalk at night wearing a black leather jacket, black pants, and gray suede boots. He has a focused expression and appears to be adjusting his jacket as he moves forward on a city street.",jason statham,celebcaption_public_figure,celebcaption,,,,,,detailed_with_name,5.jpg,jason_statham.jsonl,,,,,
celebcaption_javier_bardem_001_summary_with_name,Javier Bardem with intense blue eyes and a gas mask close-up.,javier bardem,celebcaption_public_figure,celebcaption,,,,,,summary_with_name,1.jpg,javier_bardem.jsonl,,,,,
celebcaption_javier_bardem_002_summary_with_name,Javier Bardem in a close-up with a serious expression indoors.,javier bardem,celebcaption_public_figure,celebcaption,,,,,,summary_with_name,2.jpg,javier_bardem.jsonl,,,,,
celebcaption_javier_bardem_003_summary_with_name,Javier Bardem in a black tuxedo smiling at the camera.,javier bardem,celebcaption_public_figure,celebcaption,,,,,,summary_with_name,3.jpg,javier_bardem.jsonl,,,,,
celebcaption_javier_bardem_004_detailed_with_name,"Javier Bardem is shown in a close-up portrait wearing a dark jacket over a light blue shirt, with a slight smile and a well-groomed beard, against a blurred dark blue background with white text. His expression is calm and confident, capturing a relaxed yet poised moment.",javier bardem,celebcaption_public_figure,celebcaption,,,,,,detailed_with_name,4.jpg,javier_bardem.jsonl,,,,,
celebcaption_javier_bardem_005_detailed_with_name,"Javier Bardem is pictured wearing a navy blue suit jacket over a white dress shirt, standing in front of a backdrop featuring logos and text likely from a film festival or event. He sports a full beard and mustache, his hair is slightly tousled, and he has a mild smile on his face, giving a warm and approachable appearance.",javier bardem,celebcaption_public_figure,celebcaption,,,,,,detailed_with_name,5.jpg,javier_bardem.jsonl,,,,,
celebcaption_jeff_bezos_001_summary_with_name,Jeff Bezos in a professional portrait with a light blue shirt.,jeff bezos,celebcaption_public_figure,celebcaption,,,,,,summary_with_name,1.jpg,jeff_bezos.jsonl,,,,,
celebcaption_jeff_bezos_002_summary_with_name,Jeff Bezos waving on stage in a blue patterned vest.,jeff bezos,celebcaption_public_figure,celebcaption,,,,,,summary_with_name,2.jpg,jeff_bezos.jsonl,,,,,
celebcaption_jeff_bezos_003_summary_with_name,Jeff Bezos in a close-up portrait wearing formal attire.,jeff bezos,celebcaption_public_figure,celebcaption,,,,,,summary_with_name,3.jpg,jeff_bezos.jsonl,,,,,
celebcaption_jeff_bezos_004_detailed_with_name,"Jeff Bezos is seen smiling and engaged in conversation with two other individuals at what appears to be a social or professional event. He is dressed in a dark blazer and light-colored shirt, presenting a friendly and approachable demeanor.",jeff bezos,celebcaption_public_figure,celebcaption,,,,,,detailed_with_name,4.jpg,jeff_bezos.jsonl,,,,,
celebcaption_jeff_bezos_005_detailed_with_name,"Jeff Bezos is standing in front of a dark background, wearing a grey checkered blazer over a dark blue shirt with a microphone clipped to his shirt, captured in a mid-shot photograph with focused lighting highlighting his facial features and expression.",jeff bezos,celebcaption_public_figure,celebcaption,,,,,,detailed_with_name,5.jpg,jeff_bezos.jsonl,,,,,
celebcaption_jensen_huang_001_summary_with_name,Jensen Huang presenting complex computer hardware technology.,jensen huang,celebcaption_public_figure,celebcaption,,,,,,summary_with_name,1.jpg,jensen_huang.jsonl,,,,,
celebcaption_jensen_huang_002_summary_with_name,Jensen Huang in a black leather jacket looking confident.,jensen huang,celebcaption_public_figure,celebcaption,,,,,,summary_with_name,2.jpg,jensen_huang.jsonl,,,,,
celebcaption_jensen_huang_003_summary_with_name,Jensen Huang speaking and gesturing in front of a red curtain.,jensen huang,celebcaption_public_figure,celebcaption,,,,,,summary_with_name,3.jpg,jensen_huang.jsonl,,,,,
celebcaption_jensen_huang_004_detailed_with_name,"Jensen Huang, wearing a black leather jacket, is speaking into a microphone while presenting in front of a banner that reads 'NVIDIA Pascal VR / AI / Self-Driving Cars.'",jensen huang,celebcaption_public_figure,celebcaption,,,,,,detailed_with_name,4.jpg,jensen_huang.jsonl,,,,,
celebcaption_jensen_huang_005_detailed_with_name,"Jensen Huang is speaking in front of a classroom blackboard, wearing a black polo shirt with white stripes on the collar and sleeves, gesturing with his hands as he addresses an audience. He appears engaged in explaining a concept or idea, standing in front of an academic setting with part of a banner visible beside him.",jensen huang,celebcaption_public_figure,celebcaption,,,,,,detailed_with_name,5.jpg,jensen_huang.jsonl,,,,,
celebcaption_jerome_powell_001_summary_with_name,Jerome Powell speaks at a formal event with American flags.,jerome powell,celebcaption_public_figure,celebcaption,,,,,,summary_with_name,1.jpg,jerome_powell.jsonl,,,,,
celebcaption_jerome_powell_002_summary_with_name,Jerome Powell in a serious professional setting with glasses and suit.,jerome powell,celebcaption_public_figure,celebcaption,,,,,,summary_with_name,2.jpg,jerome_powell.jsonl,,,,,
celebcaption_jerome_powell_003_summary_with_name,Jerome Powell is shown in a formal suit and glasses.,jerome powell,celebcaption_public_figure,celebcaption,,,,,,summary_with_name,3.jpg,jerome_powell.jsonl,,,,,
celebcaption_jerome_powell_004_detailed_with_name,"Jerome Powell is speaking at a podium in front of an American flag. He is wearing glasses, a blue suit, a white shirt, and a purple tie, gesturing with his hands while addressing an audience.",jerome powell,celebcaption_public_figure,celebcaption,,,,,,detailed_with_name,4.jpg,jerome_powell.jsonl,,,,,
celebcaption_jerome_powell_005_detailed_with_name,"Jerome Powell, the Chair of the U.S. Federal Reserve, is speaking at a podium with American and government flags in the background, wearing a dark suit and tie. He appears to be addressing an important economic or financial topic in a formal setting.",jerome powell,celebcaption_public_figure,celebcaption,,,,,,detailed_with_name,5.jpg,jerome_powell.jsonl,,,,,
celebcaption_jimmy_fallon_001_summary_with_name,Jimmy Fallon walks in blue heels with a woman clapping behind.,jimmy fallon,celebcaption_public_figure,celebcaption,,,,,,summary_with_name,1.jpg,jimmy_fallon.jsonl,,,,,
celebcaption_jimmy_fallon_002_summary_with_name,Jimmy Fallon listens to a guest on his late-night show.,jimmy fallon,celebcaption_public_figure,celebcaption,,,,,,summary_with_name,2.jpg,jimmy_fallon.jsonl,,,,,
celebcaption_jimmy_fallon_003_summary_with_name,"Jimmy Fallon leans on a microphone stand, dressed formally.",jimmy fallon,celebcaption_public_figure,celebcaption,,,,,,summary_with_name,3.jpg,jimmy_fallon.jsonl,,,,,
celebcaption_jimmy_fallon_004_detailed_with_name,"Jimmy Fallon is sitting at a desk wearing a navy blue suit, white shirt, and a muted pink tie with a microphone clipped on it. The background is blurred, showing city lights against a night sky, suggesting a late-night talk show setting.",jimmy fallon,celebcaption_public_figure,celebcaption,,,,,,detailed_with_name,4.jpg,jimmy_fallon.jsonl,,,,,
celebcaption_jimmy_fallon_005_detailed_with_name,"This is a portrait of Jimmy Fallon, the comedian and television host, dressed in a black suit with a white shirt and a striped tie. He is smiling warmly with a dark, blurred background that suggests a nighttime studio setting.",jimmy fallon,celebcaption_public_figure,celebcaption,,,,,,detailed_with_name,5.jpg,jimmy_fallon.jsonl,,,,,
celebcaption_joe_biden_001_summary_with_name,Joe Biden delivering a speech at a podium in black and white.,joe biden,celebcaption_public_figure,celebcaption,,,,,,summary_with_name,1.jpg,joe_biden.jsonl,,,,,
celebcaption_joe_biden_002_summary_with_name,Stylized black and white portrait of Joe Biden smiling.,joe biden,celebcaption_public_figure,celebcaption,,,,,,summary_with_name,2.jpg,joe_biden.jsonl,,,,,
celebcaption_joe_biden_003_summary_with_name,Joe Biden in a formal black and white portrait.,joe biden,celebcaption_public_figure,celebcaption,,,,,,summary_with_name,3.jpg,joe_biden.jsonl,,,,,
celebcaption_joe_biden_004_detailed_with_name,"Joe Biden is shown in a black and white close-up photograph wearing a suit, dress shirt, and striped tie, with an American flag pin on his lapel. His expression is calm and contemplative as he gazes slightly off camera to the right.",joe biden,celebcaption_public_figure,celebcaption,,,,,,detailed_with_name,4.jpg,joe_biden.jsonl,,,,,
celebcaption_joe_biden_005_detailed_with_name,"Joe Biden is seen delivering a formal speech at a podium, gesturing with both hands while multiple American flags stand prominently in the background, set indoors with classical decor.",joe biden,celebcaption_public_figure,celebcaption,,,,,,detailed_with_name,5.jpg,joe_biden.jsonl,,,,,
celebcaption_john_lennon_001_summary_with_name,John Lennon with bandmates holding instruments in a posed photo.,john lennon,celebcaption_public_figure,celebcaption,,,,,,summary_with_name,1.jpg,john_lennon.jsonl,,,,,
celebcaption_john_lennon_002_summary_with_name,John Lennon appears younger in the background with an older man.,john lennon,celebcaption_public_figure,celebcaption,,,,,,summary_with_name,2.jpg,john_lennon.jsonl,,,,,
celebcaption_john_lennon_003_summary_with_name,John Lennon wears a colorful floral jacket and round glasses.,john lennon,celebcaption_public_figure,celebcaption,,,,,,summary_with_name,3.jpg,john_lennon.jsonl,,,,,
celebcaption_john_lennon_004_detailed_with_name,"John Lennon is seen wearing sunglasses and a dark blazer with a striped tie, carrying a tan shoulder bag, while interacting with several people in a nighttime setting. He appears engaged and is holding a pen, seemingly signing autographs or items for fans.",john lennon,celebcaption_public_figure,celebcaption,,,,,,detailed_with_name,4.jpg,john_lennon.jsonl,,,,,
celebcaption_john_lennon_005_detailed_with_name,"John Lennon is walking down the street holding hands with a woman. He is dressed in black pants, a black shirt with decorative orange and white patterns on the shoulders, a black hat with a colorful band, and sunglasses, carrying a briefcase.",john lennon,celebcaption_public_figure,celebcaption,,,,,,detailed_with_name,5.jpg,john_lennon.jsonl,,,,,
celebcaption_johnny_depp_001_summary_with_name,Johnny Depp poses in a black suit with blue sunglasses.,johnny depp,celebcaption_public_figure,celebcaption,,,,,,summary_with_name,1.jpg,johnny_depp.jsonl,,,,,
celebcaption_johnny_depp_002_summary_with_name,Johnny Depp poses thoughtfully in a white t-shirt against black.,johnny depp,celebcaption_public_figure,celebcaption,,,,,,summary_with_name,2.jpg,johnny_depp.jsonl,,,,,
celebcaption_johnny_depp_003_summary_with_name,Johnny Depp wears blue sunglasses and a black suit.,johnny depp,celebcaption_public_figure,celebcaption,,,,,,summary_with_name,3.jpg,johnny_depp.jsonl,,,,,
celebcaption_johnny_depp_004_detailed_with_name,"Johnny Depp is shown in a close-up image wearing silver-framed dark sunglasses, holding a cigarette near his mouth with a contemplative expression. He sports a light mustache and goatee, wears a black shirt, and has a small tattoo of the number '3' on his left hand along with a distinctive ring on his finger.",johnny depp,celebcaption_public_figure,celebcaption,,,,,,detailed_with_name,4.jpg,johnny_depp.jsonl,,,,,
celebcaption_johnny_depp_005_detailed_with_name,"Johnny Depp is shown holding a red rose close to his face, wearing a white V-neck shirt against a black background. His expression is calm and slightly smirking, creating an intimate and gentle atmosphere in the portrait.",johnny depp,celebcaption_public_figure,celebcaption,,,,,,detailed_with_name,5.jpg,johnny_depp.jsonl,,,,,
celebcaption_josh_gad_001_summary_with_name,Josh Gad in a tuxedo with bow tie and rose boutonniere.,josh gad,celebcaption_public_figure,celebcaption,,,,,,summary_with_name,1.jpg,josh_gad.jsonl,,,,,
celebcaption_josh_gad_002_summary_with_name,Josh Gad wears glasses and a gray jacket in a seated setting.,josh gad,celebcaption_public_figure,celebcaption,,,,,,summary_with_name,2.jpg,josh_gad.jsonl,,,,,
celebcaption_josh_gad_003_summary_with_name,Josh Gad in glasses and blazer with a loose necktie.,josh gad,celebcaption_public_figure,celebcaption,,,,,,summary_with_name,3.jpg,josh_gad.jsonl,,,,,
celebcaption_josh_gad_004_detailed_with_name,"Josh Gad is pictured wearing round black glasses, a checkered maroon and white shirt, and a loosely tied dark blue tie, with a calm expression on his face. He has curly dark hair and is standing in front of a white background with some black lettering partially visible.",josh gad,celebcaption_public_figure,celebcaption,,,,,,detailed_with_name,4.jpg,josh_gad.jsonl,,,,,
celebcaption_josh_gad_005_detailed_with_name,"Josh Gad is seen here wearing black-framed glasses, a black tuxedo, and a black bow tie. He has short, curly dark hair and a neatly groomed beard, smiling warmly at the camera against a light background.",josh gad,celebcaption_public_figure,celebcaption,,,,,,detailed_with_name,5.jpg,josh_gad.jsonl,,,,,
celebcaption_julia_roberts_001_summary_with_name,Julia Roberts at a formal event with red hair and pendant necklace.,julia roberts,celebcaption_public_figure,celebcaption,,,,,,summary_with_name,1.jpg,julia_roberts.jsonl,,,,,
celebcaption_julia_roberts_002_summary_with_name,Julia Roberts poses in a black dress at an event.,julia roberts,celebcaption_public_figure,celebcaption,,,,,,summary_with_name,2.jpg,julia_roberts.jsonl,,,,,
celebcaption_julia_roberts_003_summary_with_name,Julia Roberts poses elegantly on the red carpet in a black dress.,julia roberts,celebcaption_public_figure,celebcaption,,,,,,summary_with_name,3.jpg,julia_roberts.jsonl,,,,,
celebcaption_julia_roberts_004_detailed_with_name,"Julia Roberts is pictured here with long reddish-brown hair, styled with a clip on one side, wearing a deep V-neck black outfit. She accessorizes with a silver necklace featuring a purple pendant, and her makeup is natural with a focus on her eyes and lips.",julia roberts,celebcaption_public_figure,celebcaption,,,,,,detailed_with_name,4.jpg,julia_roberts.jsonl,,,,,
celebcaption_julia_roberts_005_detailed_with_name,"Julia Roberts is shown in a close-up photo with wavy, highlighted blonde hair, wearing a black top and small earrings, posing against a blue backdrop with colorful elements partially visible. Her expression is calm and pleasant, with natural makeup enhancing her features.",julia roberts,celebcaption_public_figure,celebcaption,,,,,,detailed_with_name,5.jpg,julia_roberts.jsonl,,,,,
celebcaption_justin_bieber_001_summary_with_name,Justin Bieber in a white tuxedo at the Grammy Awards.,justin bieber,celebcaption_public_figure,celebcaption,,,,,,summary_with_name,1.jpg,justin_bieber.jsonl,,,,,
celebcaption_justin_bieber_002_summary_with_name,Justin Bieber at the 2009 MTV Video Music Awards.,justin bieber,celebcaption_public_figure,celebcaption,,,,,,summary_with_name,2.jpg,justin_bieber.jsonl,,,,,
celebcaption_justin_bieber_003_summary_with_name,Justin Bieber at an outdoor event with fans nearby.,justin bieber,celebcaption_public_figure,celebcaption,,,,,,summary_with_name,3.jpg,justin_bieber.jsonl,,,,,
celebcaption_justin_bieber_004_detailed_with_name,"Justin Bieber is standing on a red carpet in front of a white backdrop with various sponsor logos, wearing a gray checkered shirt rolled up at the sleeves, a black buttoned vest, black pants, and black high-top sneakers, with his hands in his pockets and a serious expression on his face.",justin bieber,celebcaption_public_figure,celebcaption,,,,,,detailed_with_name,4.jpg,justin_bieber.jsonl,,,,,
celebcaption_justin_bieber_005_detailed_with_name,"Justin Bieber is pictured wearing a stylish red suit with matching red pants and a white shirt underneath, accessorized with black sunglasses and gold jewelry, posing playfully on a purple carpet at an event.",justin bieber,celebcaption_public_figure,celebcaption,,,,,,detailed_with_name,5.jpg,justin_bieber.jsonl,,,,,
celebcaption_kanye_west_001_summary_with_name,Kanye West poses with three Grammy awards at event.,kanye west,celebcaption_public_figure,celebcaption,,,,,,summary_with_name,1.jpg,kanye_west.jsonl,,,,,
celebcaption_kanye_west_002_summary_with_name,Kanye West with sunglasses smoking cigar at event.,kanye west,celebcaption_public_figure,celebcaption,,,,,,summary_with_name,2.jpg,kanye_west.jsonl,,,,,
celebcaption_kanye_west_003_summary_with_name,Kanye West poses in a white blazer with sunglasses and gold chain.,kanye west,celebcaption_public_figure,celebcaption,,,,,,summary_with_name,3.jpg,kanye_west.jsonl,,,,,
celebcaption_kanye_west_004_detailed_with_name,"Kanye West is shown wearing large, dark sunglasses with a gold frame, a white shirt, and a light-colored jacket, smiling in a close-up photo. The image captures his neatly trimmed beard and short haircut in a well-lit setting.",kanye west,celebcaption_public_figure,celebcaption,,,,,,detailed_with_name,4.jpg,kanye_west.jsonl,,,,,
celebcaption_kanye_west_005_detailed_with_name,"Kanye West is seen wearing a black leather jacket over a white shirt, accessorized with large, stylish purple-tinted sunglasses and a black wristwatch, while making a gesture with his hands at an indoor event. A woman with long brown hair stands behind him, slightly out of focus, smiling towards the camera.",kanye west,celebcaption_public_figure,celebcaption,,,,,,detailed_with_name,5.jpg,kanye_west.jsonl,,,,,
celebcaption_kate_winslet_001_summary_with_name,Kate Winslet poses in a red and black dress at event.,kate winslet,celebcaption_public_figure,celebcaption,,,,,,summary_with_name,1.jpg,kate_winslet.jsonl,,,,,
celebcaption_kate_winslet_002_summary_with_name,Kate Winslet poses at an international film event photo call.,kate winslet,celebcaption_public_figure,celebcaption,,,,,,summary_with_name,2.jpg,kate_winslet.jsonl,,,,,
celebcaption_kate_winslet_003_summary_with_name,Kate Winslet in a red dress at a formal event.,kate winslet,celebcaption_public_figure,celebcaption,,,,,,summary_with_name,3.jpg,kate_winslet.jsonl,,,,,
celebcaption_kate_winslet_004_detailed_with_name,"Kate Winslet is seen in a close-up portrait with her blonde hair styled back and light makeup highlighting her blue eyes and natural features. She wears a black dress with a unique sheer section adorned with black polka dots on the shoulder, standing against a patterned backdrop.",kate winslet,celebcaption_public_figure,celebcaption,,,,,,detailed_with_name,4.jpg,kate_winslet.jsonl,,,,,
celebcaption_kate_winslet_005_detailed_with_name,"Kate Winslet is shown in a close-up portrait wearing a silver and black embellished halter dress with matching dangling earrings. Her blonde hair is styled in a loose updo with soft waves framing her face, and she has a subtle makeup look with pink lipstick.",kate winslet,celebcaption_public_figure,celebcaption,,,,,,detailed_with_name,5.jpg,kate_winslet.jsonl,,,,,
celebcaption_keanu_reeves_001_summary_with_name,Keanu Reeves in a close-up with casual attire and beard.,keanu reeves,celebcaption_public_figure,celebcaption,,,,,,summary_with_name,1.jpg,keanu_reeves.jsonl,,,,,
celebcaption_keanu_reeves_002_summary_with_name,Keanu Reeves speaking at an event with an omelete microphone.,keanu reeves,celebcaption_public_figure,celebcaption,,,,,,summary_with_name,2.jpg,keanu_reeves.jsonl,,,,,
celebcaption_keanu_reeves_003_summary_with_name,Keanu Reeves poses indoors holding a champagne flute.,keanu reeves,celebcaption_public_figure,celebcaption,,,,,,summary_with_name,3.jpg,keanu_reeves.jsonl,,,,,
celebcaption_keanu_reeves_004_detailed_with_name,"Keanu Reeves is shown in this image wearing a dark blazer over a maroon shirt. He has slightly tousled dark hair and a neutral expression on his face, standing against a dimly lit background.",keanu reeves,celebcaption_public_figure,celebcaption,,,,,,detailed_with_name,4.jpg,keanu_reeves.jsonl,,,,,
celebcaption_keanu_reeves_005_detailed_with_name,"Keanu Reeves is standing on a black carpet in front of a red backdrop featuring multiple logos, including Sundance Film Festival, Acura, HP, and Chase Sapphire Preferred. He is dressed in a dark suit with a navy blue V-neck shirt and brown shoes, with his hands casually in his pockets.",keanu reeves,celebcaption_public_figure,celebcaption,,,,,,detailed_with_name,5.jpg,keanu_reeves.jsonl,,,,,
celebcaption_keith_richards_001_summary_with_name,Keith Richards performing live with a Fender guitar and leather jacket.,keith richards,celebcaption_public_figure,celebcaption,,,,,,summary_with_name,1.jpg,keith_richards.jsonl,,,,,
celebcaption_keith_richards_002_summary_with_name,Keith Richards plays guitar on stage wearing a leather jacket.,keith richards,celebcaption_public_figure,celebcaption,,,,,,summary_with_name,2.jpg,keith_richards.jsonl,,,,,
celebcaption_keith_richards_003_summary_with_name,Keith Richards performing with an electric guitar on stage.,keith richards,celebcaption_public_figure,celebcaption,,,,,,summary_with_name,3.jpg,keith_richards.jsonl,,,,,
celebcaption_keith_richards_004_detailed_with_name,"Keith Richards is seen here performing on stage, wearing a striped headband and an olive green jacket with shimmering embellishments, focused intensely as he plays guitar. His distinctive facial features and iconic rock style are prominently displayed under bright stage lights.",keith richards,celebcaption_public_figure,celebcaption,,,,,,detailed_with_name,4.jpg,keith_richards.jsonl,,,,,
celebcaption_keith_richards_005_detailed_with_name,"Keith Richards is shown smiling broadly, wearing dark sunglasses and a black hat, with a turquoise shirt and a black jacket. His distinctive look is completed by a hoop earring and his signature worn facial features.",keith richards,celebcaption_public_figure,celebcaption,,,,,,detailed_with_name,5.jpg,keith_richards.jsonl,,,,,
celebcaption_kendrick_lamar_001_summary_with_name,Kendrick Lamar attends event wearing black and white coat and hat.,kendrick lamar,celebcaption_public_figure,celebcaption,,,,,,summary_with_name,1.jpg,kendrick_lamar.jsonl,,,,,
celebcaption_kendrick_lamar_002_summary_with_name,Kendrick Lamar with braided hair and red bands at an event.,kendrick lamar,celebcaption_public_figure,celebcaption,,,,,,summary_with_name,2.jpg,kendrick_lamar.jsonl,,,,,
celebcaption_kendrick_lamar_003_summary_with_name,Kendrick Lamar in denim jacket and jeans indoors.,kendrick lamar,celebcaption_public_figure,celebcaption,,,,,,summary_with_name,3.jpg,kendrick_lamar.jsonl,,,,,
celebcaption_kendrick_lamar_004_detailed_with_name,"Kendrick Lamar is standing in a doorway wearing a black leather jacket over a white shirt, paired with black pants. He accessorizes with a red and white scarf tied around his waist, black shoes, and a black cap worn backwards.",kendrick lamar,celebcaption_public_figure,celebcaption,,,,,,detailed_with_name,4.jpg,kendrick_lamar.jsonl,,,,,
celebcaption_kendrick_lamar_005_detailed_with_name,"Kendrick Lamar is seen performing on stage, wearing a black outer garment over a white shirt with printed designs. He has his hair styled in cornrows tied back and is wearing a small earpiece in his left ear, with a focused expression under bright stage lighting.",kendrick lamar,celebcaption_public_figure,celebcaption,,,,,,detailed_with_name,5.jpg,kendrick_lamar.jsonl,,,,,
celebcaption_kevin_durant_001_summary_with_name,Kevin Durant dunks the basketball wearing Warriors jersey.,kevin durant,celebcaption_public_figure,celebcaption,,,,,,summary_with_name,1.jpg,kevin_durant.jsonl,,,,,
celebcaption_kevin_durant_002_summary_with_name,Kevin Durant in action during a basketball game.,kevin durant,celebcaption_public_figure,celebcaption,,,,,,summary_with_name,2.jpg,kevin_durant.jsonl,,,,,
celebcaption_kevin_durant_003_summary_with_name,Kevin Durant shoots over a defender during a basketball game.,kevin durant,celebcaption_public_figure,celebcaption,,,,,,summary_with_name,3.jpg,kevin_durant.jsonl,,,,,
celebcaption_kevin_durant_004_detailed_with_name,"Kevin Durant is captured mid-air, executing a basketball dunk during a game, wearing the Golden State Warriors' white and yellow uniform with a focused expression. The background shows an intense crowd and opposing players from the New Orleans Pelicans.",kevin durant,celebcaption_public_figure,celebcaption,,,,,,detailed_with_name,4.jpg,kevin_durant.jsonl,,,,,
celebcaption_kevin_durant_005_detailed_with_name,"Kevin Durant is shown wearing a Golden State Warriors white basketball jersey, looking off to the side with a slight smile during a game. The image captures his focused yet relaxed expression under the arena lights.",kevin durant,celebcaption_public_figure,celebcaption,,,,,,detailed_with_name,5.jpg,kevin_durant.jsonl,,,,,
celebcaption_kevin_hart_001_summary_with_name,Kevin Hart gives an interview on a football field wearing sunglasses.,kevin hart,celebcaption_public_figure,celebcaption,,,,,,summary_with_name,1.jpg,kevin_hart.jsonl,,,,,
celebcaption_kevin_hart_002_summary_with_name,Kevin Hart speaks into a microphone on a sports field.,kevin hart,celebcaption_public_figure,celebcaption,,,,,,summary_with_name,2.jpg,kevin_hart.jsonl,,,,,
celebcaption_kevin_hart_003_summary_with_name,Kevin Hart interacts with crowd wearing a sports-themed jacket.,kevin hart,celebcaption_public_figure,celebcaption,,,,,,summary_with_name,3.jpg,kevin_hart.jsonl,,,,,
celebcaption_kevin_hart_004_detailed_with_name,"Kevin Hart is standing against a vibrant blue background, dressed in a maroon suit with a black shirt underneath, holding a glass of red wine in his right hand. Behind him are two pink and orange-toned armchairs and a small table with various decorative items, creating a stylish and colorful setting.",kevin hart,celebcaption_public_figure,celebcaption,,,,,,detailed_with_name,4.jpg,kevin_hart.jsonl,,,,,
celebcaption_kevin_hart_005_detailed_with_name,"Kevin Hart is seen wearing a sharp black suit with white accents on the pocket and cuffs, smiling broadly and making a peace sign with his right hand. The background appears blurred with colorful lighting, highlighting Kevin Hart as the main focus of the image.",kevin hart,celebcaption_public_figure,celebcaption,,,,,,detailed_with_name,5.jpg,kevin_hart.jsonl,,,,,
celebcaption_kobe_bryant_001_summary_with_name,Kobe Bryant smiling on the bench in Lakers jersey.,kobe bryant,celebcaption_public_figure,celebcaption,,,,,,summary_with_name,1.jpg,kobe_bryant.jsonl,,,,,
celebcaption_kobe_bryant_002_summary_with_name,Kobe Bryant in Lakers jersey number 24 on basketball court.,kobe bryant,celebcaption_public_figure,celebcaption,,,,,,summary_with_name,2.jpg,kobe_bryant.jsonl,,,,,
celebcaption_kobe_bryant_003_summary_with_name,Kobe Bryant makes a layup for the Lakers in a game.,kobe bryant,celebcaption_public_figure,celebcaption,,,,,,summary_with_name,3.jpg,kobe_bryant.jsonl,,,,,
celebcaption_kobe_bryant_004_detailed_with_name,"Kobe Bryant is pictured wearing a dark, tailored suit with a black shirt underneath, smiling warmly against a backdrop with triangular patterns. The image captures Kobe Bryant's charismatic and polished appearance at a formal event.",kobe bryant,celebcaption_public_figure,celebcaption,,,,,,detailed_with_name,4.jpg,kobe_bryant.jsonl,,,,,
celebcaption_kobe_bryant_005_detailed_with_name,"Kobe Bryant is seen standing on stage in a blue pinstripe suit and light blue shirt, holding an ESPY award trophy while smiling. He appears to be at an award ceremony, possibly delivering a speech or accepting the award.",kobe bryant,celebcaption_public_figure,celebcaption,,,,,,detailed_with_name,5.jpg,kobe_bryant.jsonl,,,,,
celebcaption_kristen_bell_001_summary_with_name,Kristen Bell smiles looking down wearing jeans and a black shirt.,kristen bell,celebcaption_public_figure,celebcaption,,,,,,summary_with_name,1.jpg,kristen_bell.jsonl,,,,,
celebcaption_kristen_bell_002_summary_with_name,Kristen Bell passionately coaches or encourages in a gym.,kristen bell,celebcaption_public_figure,celebcaption,,,,,,summary_with_name,2.jpg,kristen_bell.jsonl,,,,,
celebcaption_kristen_bell_003_summary_with_name,Kristen Bell smiles on stage wearing an embellished black dress.,kristen bell,celebcaption_public_figure,celebcaption,,,,,,summary_with_name,3.jpg,kristen_bell.jsonl,,,,,
celebcaption_kristen_bell_004_detailed_with_name,"Kristen Bell is walking on a sidewalk while wearing a long, textured pink coat over a white shirt with black leggings. She has her blond hair tied up in a bun and is holding a green beverage in a clear plastic cup.",kristen bell,celebcaption_public_figure,celebcaption,,,,,,detailed_with_name,4.jpg,kristen_bell.jsonl,,,,,
celebcaption_kristen_bell_005_detailed_with_name,Kristen Bell is seen walking outside wearing a textured pink coat over a white shirt. She holds a clear plastic cup with a green beverage in her left hand and has her blonde hair tied up casually.,kristen bell,celebcaption_public_figure,celebcaption,,,,,,detailed_with_name,5.jpg,kristen_bell.jsonl,,,,,
celebcaption_kylian_mbappe_001_summary_with_name,Kylian Mbappe laughs with teammates during PSG practice.,kylian mbappe,celebcaption_public_figure,celebcaption,,,,,,summary_with_name,1.jpg,kylian_mbappe.jsonl,,,,,
celebcaption_kylian_mbappe_002_summary_with_name,Kylian Mbappe celebrates in PSG jersey with number 35 shown.,kylian mbappe,celebcaption_public_figure,celebcaption,,,,,,summary_with_name,2.jpg,kylian_mbappe.jsonl,,,,,
celebcaption_kylian_mbappe_003_summary_with_name,Kylian Mbappe celebrates a goal with a teammate for AS Monaco.,kylian mbappe,celebcaption_public_figure,celebcaption,,,,,,summary_with_name,3.jpg,kylian_mbappe.jsonl,,,,,
celebcaption_kylian_mbappe_004_detailed_with_name,"Kylian Mbappe is seated at a press conference, wearing a dark suit with a white shirt and dark tie, smiling broadly while speaking into a microphone. The backdrop displays multiple sponsor logos, including Adidas and Emirates, indicating a professional sports setting.",kylian mbappe,celebcaption_public_figure,celebcaption,,,,,,detailed_with_name,4.jpg,kylian_mbappe.jsonl,,,,,
celebcaption_kylian_mbappe_005_detailed_with_name,"Kylian Mbappe, wearing the number 7 Paris Saint-Germain jersey, is shaking hands with a man in a black jacket featuring the Paris Saint-Germain and Qatar Airways logos during a football match. Mbappe is seen from the back, while the man facing the camera has a somewhat serious expression.",kylian mbappe,celebcaption_public_figure,celebcaption,,,,,,detailed_with_name,5.jpg,kylian_mbappe.jsonl,,,,,
celebcaption_lady_gaga_001_summary_with_name,Close-up portrait of Lady Gaga with platinum blonde waves.,lady gaga,celebcaption_public_figure,celebcaption,,,,,,summary_with_name,1.jpg,lady_gaga.jsonl,,,,,
celebcaption_lady_gaga_002_summary_with_name,Lady Gaga in a silver outfit with voluminous blonde hair.,lady gaga,celebcaption_public_figure,celebcaption,,,,,,summary_with_name,2.jpg,lady_gaga.jsonl,,,,,
celebcaption_lady_gaga_003_summary_with_name,Lady Gaga sings passionately at a piano performance.,lady gaga,celebcaption_public_figure,celebcaption,,,,,,summary_with_name,3.jpg,lady_gaga.jsonl,,,,,
celebcaption_lady_gaga_004_detailed_with_name,"Lady Gaga is performing passionately, holding a microphone close to her mouth with a hand raised showing a peace sign tattoo on her wrist, against a backdrop of the American flag.",lady gaga,celebcaption_public_figure,celebcaption,,,,,,detailed_with_name,4.jpg,lady_gaga.jsonl,,,,,
celebcaption_lady_gaga_005_detailed_with_name,"Lady Gaga is seen standing next to a man in a formal setting, both dressed elegantly; Lady Gaga wears a white textured dress with red lipstick and earrings, while the man wears a dark suit with a silver tie. In the adjacent image, former President Donald Trump is shown in a close-up shot wearing a dark suit, white shirt, and red tie, with a light American flag pin on his lapel.",lady gaga,celebcaption_public_figure,celebcaption,,,,,,detailed_with_name,5.jpg,lady_gaga.jsonl,,,,,
celebcaption_lebron_james_001_summary_with_name,LeBron James shows emotion during a Lakers basketball game.,lebron james,celebcaption_public_figure,celebcaption,,,,,,summary_with_name,1.jpg,lebron_james.jsonl,,,,,
celebcaption_lebron_james_002_summary_with_name,LeBron James in Cleveland Cavaliers jersey during a basketball game.,lebron james,celebcaption_public_figure,celebcaption,,,,,,summary_with_name,2.jpg,lebron_james.jsonl,,,,,
celebcaption_lebron_james_003_summary_with_name,LeBron James focused during a Cleveland Cavaliers basketball game.,lebron james,celebcaption_public_figure,celebcaption,,,,,,summary_with_name,3.jpg,lebron_james.jsonl,,,,,
celebcaption_lebron_james_004_detailed_with_name,"LeBron James is pictured here smiling warmly, wearing a gray knitted beanie and a light jacket with a red backdrop. His expression is friendly and approachable, highlighting his prominent features including a well-groomed beard and clear eyes.",lebron james,celebcaption_public_figure,celebcaption,,,,,,detailed_with_name,4.jpg,lebron_james.jsonl,,,,,
celebcaption_lebron_james_005_detailed_with_name,"LeBron James is shown in an intense moment during a basketball game, wearing a white Cavaliers jersey with the number 23, preparing to make a shot while gripping a Spalding basketball. His muscular arms and focused expression are visible, along with his white headband and arm sleeve, highlighting his readiness and concentration on the game.",lebron james,celebcaption_public_figure,celebcaption,,,,,,detailed_with_name,5.jpg,lebron_james.jsonl,,,,,
celebcaption_leonardo_dicaprio_001_summary_with_name,Leonardo DiCaprio in black tuxedo at a floral event.,leonardo dicaprio,celebcaption_public_figure,celebcaption,,,,,,summary_with_name,1.jpg,leonardo_dicaprio.jsonl,,,,,
celebcaption_leonardo_dicaprio_002_summary_with_name,Leonardo DiCaprio poses in a black tuxedo on the red carpet.,leonardo dicaprio,celebcaption_public_figure,celebcaption,,,,,,summary_with_name,2.jpg,leonardo_dicaprio.jsonl,,,,,
celebcaption_leonardo_dicaprio_003_summary_with_name,Leonardo DiCaprio dressed formally at a social event.,leonardo dicaprio,celebcaption_public_figure,celebcaption,,,,,,summary_with_name,3.jpg,leonardo_dicaprio.jsonl,,,,,
celebcaption_leonardo_dicaprio_004_detailed_with_name,"Leonardo DiCaprio is standing on a red carpet against a blue backdrop featuring logos such as IHG One Rewards and Oak View Group. He is dressed in a classic black tuxedo with a bow tie, white shirt, and black dress shoes, exhibiting a confident and composed demeanor.",leonardo dicaprio,celebcaption_public_figure,celebcaption,,,,,,detailed_with_name,4.jpg,leonardo_dicaprio.jsonl,,,,,
celebcaption_leonardo_dicaprio_005_detailed_with_name,"Leonardo DiCaprio is standing against a blue backdrop with logos of IHG One Rewards and Oak View Group. He is dressed formally in a black tuxedo with a black bow tie and white shirt, posing with his hands relaxed at his sides.",leonardo dicaprio,celebcaption_public_figure,celebcaption,,,,,,detailed_with_name,5.jpg,leonardo_dicaprio.jsonl,,,,,
celebcaption_lewis_hamilton_001_summary_with_name,Young Lewis Hamilton sitting with kart and helmet at racetrack.,lewis hamilton,celebcaption_public_figure,celebcaption,,,,,,summary_with_name,1.jpg,lewis_hamilton.jsonl,,,,,
celebcaption_lewis_hamilton_002_summary_with_name,Close-up portrait of Lewis Hamilton in his racing suit.,lewis hamilton,celebcaption_public_figure,celebcaption,,,,,,summary_with_name,2.jpg,lewis_hamilton.jsonl,,,,,
celebcaption_lewis_hamilton_003_summary_with_name,Lewis Hamilton in black Mercedes Formula One racing suit.,lewis hamilton,celebcaption_public_figure,celebcaption,,,,,,summary_with_name,3.jpg,lewis_hamilton.jsonl,,,,,
celebcaption_lewis_hamilton_004_detailed_with_name,"Lewis Hamilton is depicted standing confidently in a Mercedes-AMG Petronas Formula One racing suit, featuring prominent sponsor logos and his car number 44. The image highlights his professional racing attire and seriousness in a studio setting with a neutral background.",lewis hamilton,celebcaption_public_figure,celebcaption,,,,,,detailed_with_name,4.jpg,lewis_hamilton.jsonl,,,,,
celebcaption_lewis_hamilton_005_detailed_with_name,"Lewis Hamilton is shown smiling with braided hair tied back, wearing stud earrings, a nose ring, and a black high-collar top with a Tommy Hilfiger logo. He has a neatly groomed beard and a visible neck tattoo, and the lighting highlights his facial features against a dark background.",lewis hamilton,celebcaption_public_figure,celebcaption,,,,,,detailed_with_name,5.jpg,lewis_hamilton.jsonl,,,,,
celebcaption_lionel_messi_001_summary_with_name,Lionel Messi poses wearing Argentina's number 10 jersey.,lionel messi,celebcaption_public_figure,celebcaption,,,,,,summary_with_name,1.jpg,lionel_messi.jsonl,,,,,
celebcaption_lionel_messi_002_summary_with_name,Lionel Messi in blue Argentina soccer jersey outdoors.,lionel messi,celebcaption_public_figure,celebcaption,,,,,,summary_with_name,2.jpg,lionel_messi.jsonl,,,,,
celebcaption_lionel_messi_003_summary_with_name,Lionel Messi playing for Barcelona at age 25 in 2012 match.,lionel messi,celebcaption_public_figure,celebcaption,,,,,,summary_with_name,3.jpg,lionel_messi.jsonl,,,,,
celebcaption_lionel_messi_004_detailed_with_name,Lionel Messi is captured mid-action on a soccer field wearing a Barcelona jersey with red and blue vertical stripes. He is poised to kick the ball with his left foot while intensely focused on the game in a stadium setting.,lionel messi,celebcaption_public_figure,celebcaption,,,,,,detailed_with_name,4.jpg,lionel_messi.jsonl,,,,,
celebcaption_lionel_messi_005_detailed_with_name,"Lionel Messi is pictured crouching down wearing a blue Argentina football kit with the number 10 on it, holding a white Adidas soccer ball adorned with multicolored designs. He has visible tattoos on his leg and arm and is wearing white sneakers with black stripes.",lionel messi,celebcaption_public_figure,celebcaption,,,,,,detailed_with_name,5.jpg,lionel_messi.jsonl,,,,,
celebcaption_luciano_pavarotti_001_summary_with_name,"Luciano Pavarotti in formal attire with a medal, smiling.",luciano pavarotti,celebcaption_public_figure,celebcaption,,,,,,summary_with_name,1.jpg,luciano_pavarotti.jsonl,,,,,
celebcaption_luciano_pavarotti_002_summary_with_name,Luciano Pavarotti performing passionately on stage in formal attire.,luciano pavarotti,celebcaption_public_figure,celebcaption,,,,,,summary_with_name,2.jpg,luciano_pavarotti.jsonl,,,,,
celebcaption_luciano_pavarotti_003_summary_with_name,Luciano Pavarotti smiles and raises arms on stage in tuxedo.,luciano pavarotti,celebcaption_public_figure,celebcaption,,,,,,summary_with_name,3.jpg,luciano_pavarotti.jsonl,,,,,
celebcaption_luciano_pavarotti_004_detailed_with_name,"Luciano Pavarotti, the renowned Italian tenor, is captured mid-performance with his arms raised, smiling broadly, and holding a white cloth in his right hand while wearing his iconic tuxedo and bow tie on stage. The image conveys his passionate and joyful expression during an operatic concert.",luciano pavarotti,celebcaption_public_figure,celebcaption,,,,,,detailed_with_name,4.jpg,luciano_pavarotti.jsonl,,,,,
celebcaption_luciano_pavarotti_005_detailed_with_name,"Luciano Pavarotti is captured performing passionately, dressed in a formal black tuxedo with a white bow tie, standing close to a microphone. His expression shows deep involvement in the music, highlighting his status as a renowned operatic tenor.",luciano pavarotti,celebcaption_public_figure,celebcaption,,,,,,detailed_with_name,5.jpg,luciano_pavarotti.jsonl,,,,,
celebcaption_madonna_001_summary_with_name,Madonna performs on stage with a playful pose and microphone.,madonna,celebcaption_public_figure,celebcaption,,,,,,summary_with_name,1.jpg,madonna.jsonl,,,,,
celebcaption_madonna_002_summary_with_name,Madonna poses with blonde curls in a brown dress.,madonna,celebcaption_public_figure,celebcaption,,,,,,summary_with_name,2.jpg,madonna.jsonl,,,,,
celebcaption_madonna_003_summary_with_name,Madonna poses with hand above forehead wearing a black dress.,madonna,celebcaption_public_figure,celebcaption,,,,,,summary_with_name,3.jpg,madonna.jsonl,,,,,
celebcaption_madonna_004_detailed_with_name,"Madonna is performing on stage, wearing a black dress with elbow-length sleeves and a deep neckline, paired with a black hat that partially covers her blonde hair. She holds a microphone in one hand and strikes a dynamic pose, with visible stage lights and equipment in the background.",madonna,celebcaption_public_figure,celebcaption,,,,,,detailed_with_name,4.jpg,madonna.jsonl,,,,,
celebcaption_madonna_005_detailed_with_name,"Madonna is shown in a close-up image with styled blonde curls, wearing a black fur coat over a high-neck, sheer blouse adorned with beaded detailing. She has light makeup with glossy lips and is smiling gently, capturing a glamorous appearance.",madonna,celebcaption_public_figure,celebcaption,,,,,,detailed_with_name,5.jpg,madonna.jsonl,,,,,
celebcaption_manny_pacquiao_001_summary_with_name,Boxer Manny Pacquiao poised and focused with wrapped hands.,manny pacquiao,celebcaption_public_figure,celebcaption,,,,,,summary_with_name,1.jpg,manny_pacquiao.jsonl,,,,,
celebcaption_manny_pacquiao_002_summary_with_name,Manny Pacquiao celebrates a boxing championship victory.,manny pacquiao,celebcaption_public_figure,celebcaption,,,,,,summary_with_name,2.jpg,manny_pacquiao.jsonl,,,,,
celebcaption_manny_pacquiao_003_summary_with_name,Manny Pacquiao shows focus and strength in the boxing ring.,manny pacquiao,celebcaption_public_figure,celebcaption,,,,,,summary_with_name,3.jpg,manny_pacquiao.jsonl,,,,,
celebcaption_manny_pacquiao_004_detailed_with_name,"Manny Pacquiao is shown in a close-up portrait wearing a dark checkered suit jacket, a white and blue striped dress shirt, and a bright blue patterned tie. He has short black hair, a mustache paired with a connected beard, and a calm and approachable facial expression.",manny pacquiao,celebcaption_public_figure,celebcaption,,,,,,detailed_with_name,4.jpg,manny_pacquiao.jsonl,,,,,
celebcaption_manny_pacquiao_005_detailed_with_name,"Manny Pacquiao, the renowned Filipino boxer and politician, is seen speaking into a microphone, dressed in a black suit with a white shirt and a patterned tie. The close-up image highlights his facial hair and focused expression during what appears to be a formal event or press conference.",manny pacquiao,celebcaption_public_figure,celebcaption,,,,,,detailed_with_name,5.jpg,manny_pacquiao.jsonl,,,,,
celebcaption_mark_zuckerberg_001_summary_with_name,Mark Zuckerberg waves while walking indoors with companions.,mark zuckerberg,celebcaption_public_figure,celebcaption,,,,,,summary_with_name,1.jpg,mark_zuckerberg.jsonl,,,,,
celebcaption_mark_zuckerberg_002_summary_with_name,Mark Zuckerberg speaks at a formal event wearing a suit and tie.,mark zuckerberg,celebcaption_public_figure,celebcaption,,,,,,summary_with_name,2.jpg,mark_zuckerberg.jsonl,,,,,
celebcaption_mark_zuckerberg_003_summary_with_name,Mark Zuckerberg speaks outdoors near a table with water.,mark zuckerberg,celebcaption_public_figure,celebcaption,,,,,,summary_with_name,3.jpg,mark_zuckerberg.jsonl,,,,,
celebcaption_mark_zuckerberg_004_detailed_with_name,"Mark Zuckerberg is seen speaking into a microphone during an interview or public appearance, wearing a dark suit with a white dress shirt and a gray tie. Several hands holding smartphones and recording devices are directed at him, indicating a press event or media interaction.",mark zuckerberg,celebcaption_public_figure,celebcaption,,,,,,detailed_with_name,4.jpg,mark_zuckerberg.jsonl,,,,,
celebcaption_mark_zuckerberg_005_detailed_with_name,"Mark Zuckerberg is shown wearing a dark suit with a grey tie and white shirt, standing or sitting in front of a microphone. He appears serious and contemplative, likely addressing an audience or answering questions in a formal setting.",mark zuckerberg,celebcaption_public_figure,celebcaption,,,,,,detailed_with_name,5.jpg,mark_zuckerberg.jsonl,,,,,
celebcaption_marshall_mathers_001_summary_with_name,Marshall Mathers speaks at an outdoor event wearing casual attire.,marshall mathers,celebcaption_public_figure,celebcaption,,,,,,summary_with_name,1.jpg,marshall_mathers.jsonl,,,,,
celebcaption_marshall_mathers_002_summary_with_name,Marshall Mathers wearing a hoodie and cap indoors.,marshall mathers,celebcaption_public_figure,celebcaption,,,,,,summary_with_name,2.jpg,marshall_mathers.jsonl,,,,,
celebcaption_marshall_mathers_003_summary_with_name,Marshall Mathers in casual black attire with a Kangol cap.,marshall mathers,celebcaption_public_figure,celebcaption,,,,,,summary_with_name,3.jpg,marshall_mathers.jsonl,,,,,
celebcaption_marshall_mathers_004_detailed_with_name,"Marshall Mathers is shown wearing a black hooded jacket with a cap underneath, smiling gently with a neatly trimmed beard, set against a graffiti-style background. He also wears a thick gold chain necklace, adding to his distinctive style.",marshall mathers,celebcaption_public_figure,celebcaption,,,,,,detailed_with_name,4.jpg,marshall_mathers.jsonl,,,,,
celebcaption_marshall_mathers_005_detailed_with_name,"Marshall Mathers is seen performing on stage wearing a black hooded jacket and a black cap, accessorized with gold jewelry including a chain necklace, a wristwatch, and a bracelet. He holds a microphone in his hands and appears focused during what seems to be a live event with blurred lights in the background.",marshall mathers,celebcaption_public_figure,celebcaption,,,,,,detailed_with_name,5.jpg,marshall_mathers.jsonl,,,,,
celebcaption_martin_scorsese_001_summary_with_name,Martin Scorsese wearing a suit and smiling at an event.,martin scorsese,celebcaption_public_figure,celebcaption,,,,,,summary_with_name,1.jpg,martin_scorsese.jsonl,,,,,
celebcaption_martin_scorsese_002_summary_with_name,Martin Scorsese walking city street in a blue suit and tie.,martin scorsese,celebcaption_public_figure,celebcaption,,,,,,summary_with_name,2.jpg,martin_scorsese.jsonl,,,,,
celebcaption_martin_scorsese_003_summary_with_name,Martin Scorsese speaks at a formal event with microphone.,martin scorsese,celebcaption_public_figure,celebcaption,,,,,,summary_with_name,3.jpg,martin_scorsese.jsonl,,,,,
celebcaption_martin_scorsese_004_detailed_with_name,"Martin Scorsese is seen smiling warmly while dressed in a black tuxedo jacket with velvet lapels, a white shirt, and a black bow tie, standing in front of a blurred background likely at a formal event or premiere. His grey hair and distinguished appearance highlight his iconic status as a renowned film director and producer.",martin scorsese,celebcaption_public_figure,celebcaption,,,,,,detailed_with_name,4.jpg,martin_scorsese.jsonl,,,,,
celebcaption_martin_scorsese_005_detailed_with_name,"Martin Scorsese is seated in a chair with his hands raised, dressed in a textured blazer and a button-up shirt, captured in a high-contrast black and white photograph with dramatic lighting highlighting his facial features and expression.",martin scorsese,celebcaption_public_figure,celebcaption,,,,,,detailed_with_name,5.jpg,martin_scorsese.jsonl,,,,,
celebcaption_meryl_streep_001_summary_with_name,Meryl Streep in a close-up portrait with long blonde hair.,meryl streep,celebcaption_public_figure,celebcaption,,,,,,summary_with_name,1.jpg,meryl_streep.jsonl,,,,,
celebcaption_meryl_streep_002_summary_with_name,Meryl Streep in a gold dress at a formal event.,meryl streep,celebcaption_public_figure,celebcaption,,,,,,summary_with_name,2.jpg,meryl_streep.jsonl,,,,,
celebcaption_meryl_streep_003_summary_with_name,Meryl Streep smiles warmly in a white off-shoulder dress.,meryl streep,celebcaption_public_figure,celebcaption,,,,,,summary_with_name,3.jpg,meryl_streep.jsonl,,,,,
celebcaption_meryl_streep_004_detailed_with_name,"Meryl Streep is seen on stage wearing a sparkling gold dress, holding an Oscar trophy in one hand and smiling warmly as she speaks into a microphone at an awards ceremony. The background features a purple lit stage, highlighting her presence as she accepts the accolade.",meryl streep,celebcaption_public_figure,celebcaption,,,,,,detailed_with_name,4.jpg,meryl_streep.jsonl,,,,,
celebcaption_meryl_streep_005_detailed_with_name,"Meryl Streep is seen wearing a shimmering gold gown with a cinched waist and three-quarter sleeves, accessorized with gold earrings and holding a small clutch. She stands confidently on a red carpet, flanked by men in black suits and ties, at what appears to be a formal event with other attendees and photographers in the background.",meryl streep,celebcaption_public_figure,celebcaption,,,,,,detailed_with_name,5.jpg,meryl_streep.jsonl,,,,,
celebcaption_michael_gambon_001_summary_with_name,Michael Gambon smiling in a white shirt and dark blazer.,michael gambon,celebcaption_public_figure,celebcaption,,,,,,summary_with_name,1.jpg,michael_gambon.jsonl,,,,,
celebcaption_michael_gambon_002_summary_with_name,Michael Gambon in a tuxedo speaking at a formal event.,michael gambon,celebcaption_public_figure,celebcaption,,,,,,summary_with_name,2.jpg,michael_gambon.jsonl,,,,,
celebcaption_michael_gambon_003_summary_with_name,Michael Gambon holds an umbrella wearing a checked blazer and tie.,michael gambon,celebcaption_public_figure,celebcaption,,,,,,summary_with_name,3.jpg,michael_gambon.jsonl,,,,,
celebcaption_michael_gambon_004_detailed_with_name,"Michael Gambon is seen in this image wearing a light beige blazer over a blue and white striped shirt, with his hands raised and an expressive look on his face, standing in an indoor public space.",michael gambon,celebcaption_public_figure,celebcaption,,,,,,detailed_with_name,4.jpg,michael_gambon.jsonl,,,,,
celebcaption_michael_gambon_005_detailed_with_name,"Michael Gambon is pictured smiling at an event, dressed in a white button-down shirt and a black blazer. His grey hair is slightly tousled, and he appears to be in good spirits amidst a blurred crowd in the background.",michael gambon,celebcaption_public_figure,celebcaption,,,,,,detailed_with_name,5.jpg,michael_gambon.jsonl,,,,,
celebcaption_michael_jackson_001_summary_with_name,Michael Jackson seated wearing a red shirt with black belt.,michael jackson,celebcaption_public_figure,celebcaption,,,,,,summary_with_name,1.jpg,michael_jackson.jsonl,,,,,
celebcaption_michael_jackson_002_summary_with_name,Michael Jackson performs on stage in a gold-embellished jacket.,michael jackson,celebcaption_public_figure,celebcaption,,,,,,summary_with_name,2.jpg,michael_jackson.jsonl,,,,,
celebcaption_michael_jackson_003_summary_with_name,Michael Jackson poses in a black quilted jacket against red background.,michael jackson,celebcaption_public_figure,celebcaption,,,,,,summary_with_name,3.jpg,michael_jackson.jsonl,,,,,
celebcaption_michael_jackson_004_detailed_with_name,"Michael Jackson is seen smiling while wearing a black shirt with red and white accents on the collar and shoulders. His slightly curly hair partially falls over his face, and he is standing next to a young person partially visible on the right side of the image.",michael jackson,celebcaption_public_figure,celebcaption,,,,,,detailed_with_name,4.jpg,michael_jackson.jsonl,,,,,
celebcaption_michael_jackson_005_detailed_with_name,"Michael Jackson is wearing a red buttoned-up shirt against a solid red background with his curly black hair tied back, highlighting his pale complexion and distinctive facial features. He appears to be captured in a professional studio setting, with a calm and thoughtful expression.",michael jackson,celebcaption_public_figure,celebcaption,,,,,,detailed_with_name,5.jpg,michael_jackson.jsonl,,,,,
celebcaption_michael_jordan_001_summary_with_name,Michael Jordan executing a slam dunk in Chicago Bulls uniform.,michael jordan,celebcaption_public_figure,celebcaption,,,,,,summary_with_name,1.jpg,michael_jordan.jsonl,,,,,
celebcaption_michael_jordan_002_summary_with_name,Michael Jordan dribbles past a defender during a basketball game.,michael jordan,celebcaption_public_figure,celebcaption,,,,,,summary_with_name,2.jpg,michael_jordan.jsonl,,,,,
celebcaption_michael_jordan_003_summary_with_name,Michael Jordan smiling in a gray suit at an indoor event.,michael jordan,celebcaption_public_figure,celebcaption,,,,,,summary_with_name,3.jpg,michael_jordan.jsonl,,,,,
celebcaption_michael_jordan_004_detailed_with_name,"Michael Jordan, wearing the Chicago Bulls jersey number 23, is captured mid-air taking a jump shot during a basketball game against opponents in red jerseys. The image shows Jordan focused on the basket, elevating above defenders, demonstrating his athleticism and scoring ability.",michael jordan,celebcaption_public_figure,celebcaption,,,,,,detailed_with_name,4.jpg,michael_jordan.jsonl,,,,,
celebcaption_michael_jordan_005_detailed_with_name,"Michael Jordan is seen wearing a light blue Jordan brand polo shirt and sunglasses, smiling while holding a small plastic cup, possibly at an outdoor event. There are other people in the background, indicating a casual and sunny setting, likely related to sports or leisure.",michael jordan,celebcaption_public_figure,celebcaption,,,,,,detailed_with_name,5.jpg,michael_jordan.jsonl,,,,,
celebcaption_michael_phelps_001_summary_with_name,Michael Phelps poses shirtless showcasing his fit physique.,michael phelps,celebcaption_public_figure,celebcaption,,,,,,summary_with_name,1.jpg,michael_phelps.jsonl,,,,,
celebcaption_michael_phelps_002_summary_with_name,Michael Phelps displaying multiple Olympic gold medals.,michael phelps,celebcaption_public_figure,celebcaption,,,,,,summary_with_name,2.jpg,michael_phelps.jsonl,,,,,
celebcaption_michael_phelps_003_summary_with_name,"Michael Phelps with medal ribbon, showing focus and athletic build.",michael phelps,celebcaption_public_figure,celebcaption,,,,,,summary_with_name,3.jpg,michael_phelps.jsonl,,,,,
celebcaption_michael_phelps_004_detailed_with_name,"Michael Phelps is seen smiling warmly while wearing a black suit, white shirt, and black tie. He is sitting next to a woman in a white dress with thin straps; both appear to be at a formal event with a dark background.",michael phelps,celebcaption_public_figure,celebcaption,,,,,,detailed_with_name,4.jpg,michael_phelps.jsonl,,,,,
celebcaption_michael_phelps_005_detailed_with_name,Michael Phelps is seen smiling and wearing a medal while a man next to him raises his arm in celebration at the 2023 Fukuoka World Aquatics Championships podium.,michael phelps,celebcaption_public_figure,celebcaption,,,,,,detailed_with_name,5.jpg,michael_phelps.jsonl,,,,,
celebcaption_michael_schumacher_001_summary_with_name,Michael Schumacher in red Ferrari suit sitting thoughtfully.,michael schumacher,celebcaption_public_figure,celebcaption,,,,,,summary_with_name,1.jpg,michael_schumacher.jsonl,,,,,
celebcaption_michael_schumacher_002_summary_with_name,Michael Schumacher gives a thumbs-up beside a smiling man.,michael schumacher,celebcaption_public_figure,celebcaption,,,,,,summary_with_name,2.jpg,michael_schumacher.jsonl,,,,,
celebcaption_michael_schumacher_003_summary_with_name,Michael Schumacher celebrates a racing victory in his Ferrari suit.,michael schumacher,celebcaption_public_figure,celebcaption,,,,,,summary_with_name,3.jpg,michael_schumacher.jsonl,,,,,
celebcaption_michael_schumacher_004_detailed_with_name,"Michael Schumacher is shown in a close-up image smiling broadly while wearing a gray cap and a light jacket with dark trim. His facial features, light skin, and confident expression are clearly visible in the image.",michael schumacher,celebcaption_public_figure,celebcaption,,,,,,detailed_with_name,4.jpg,michael_schumacher.jsonl,,,,,
celebcaption_michael_schumacher_005_detailed_with_name,"Michael Schumacher is seen wearing a red Ferrari racing team shirt adorned with sponsor logos like Shell and Vodafone, standing against a blurred background with racing elements. He appears composed with a slight smile, showcasing his association with Formula 1 racing.",michael schumacher,celebcaption_public_figure,celebcaption,,,,,,detailed_with_name,5.jpg,michael_schumacher.jsonl,,,,,
celebcaption_mick_jagger_001_summary_with_name,Mick Jagger in a dark suit and white shirt looking sideways.,mick jagger,celebcaption_public_figure,celebcaption,,,,,,summary_with_name,1.jpg,mick_jagger.jsonl,,,,,
celebcaption_mick_jagger_002_summary_with_name,Mick Jagger in a close-up wearing a white scarf.,mick jagger,celebcaption_public_figure,celebcaption,,,,,,summary_with_name,2.jpg,mick_jagger.jsonl,,,,,
celebcaption_mick_jagger_003_summary_with_name,Mick Jagger climbs stairs in a maroon tuxedo and sneakers.,mick jagger,celebcaption_public_figure,celebcaption,,,,,,summary_with_name,3.jpg,mick_jagger.jsonl,,,,,
celebcaption_mick_jagger_004_detailed_with_name,"Mick Jagger is captured in a profile view wearing a black suit, white shirt, and black tie, looking to his right with his mouth slightly open. His distinctive long, wavy brown hair and expressive facial features are clearly visible against a blurred background.",mick jagger,celebcaption_public_figure,celebcaption,,,,,,detailed_with_name,4.jpg,mick_jagger.jsonl,,,,,
celebcaption_mick_jagger_005_detailed_with_name,"Mick Jagger is pictured standing on a red carpet at an event, wearing a black suit with a white shirt and a distinctive green and cream scarf. Photographers and bright lights surround him, indicating a high-profile occasion.",mick jagger,celebcaption_public_figure,celebcaption,,,,,,detailed_with_name,5.jpg,mick_jagger.jsonl,,,,,
celebcaption_mila_kunis_001_summary_with_name,Mila Kunis poses elegantly at a red carpet event.,mila kunis,celebcaption_public_figure,celebcaption,,,,,,summary_with_name,1.jpg,mila_kunis.jsonl,,,,,
celebcaption_mila_kunis_002_summary_with_name,Mila Kunis smiles wearing a strapless dress at an event.,mila kunis,celebcaption_public_figure,celebcaption,,,,,,summary_with_name,2.jpg,mila_kunis.jsonl,,,,,
celebcaption_mila_kunis_003_summary_with_name,Mila Kunis poses in a patterned dress and nude heels.,mila kunis,celebcaption_public_figure,celebcaption,,,,,,summary_with_name,3.jpg,mila_kunis.jsonl,,,,,
celebcaption_mila_kunis_004_detailed_with_name,"Mila Kunis is shown in a close-up photograph wearing a black dress intricately adorned with metallic embellishments. Her long, wavy brunette hair cascades over her shoulders, complemented by dramatic eye makeup and a subtle smile, set against an indoor background with a window and another person blurred out.",mila kunis,celebcaption_public_figure,celebcaption,,,,,,detailed_with_name,4.jpg,mila_kunis.jsonl,,,,,
celebcaption_mila_kunis_005_detailed_with_name,"Mila Kunis is pictured smiling over her shoulder at a formal event, wearing an elegant green dress with a unique textured design and an open back. Her hair is styled in an updo, and the background includes blurred figures attending the event.",mila kunis,celebcaption_public_figure,celebcaption,,,,,,detailed_with_name,5.jpg,mila_kunis.jsonl,,,,,
celebcaption_morgan_freeman_001_summary_with_name,Morgan Freeman proudly holds his Oscar award at a ceremony.,morgan freeman,celebcaption_public_figure,celebcaption,,,,,,summary_with_name,1.jpg,morgan_freeman.jsonl,,,,,
celebcaption_morgan_freeman_002_summary_with_name,Morgan Freeman in a thoughtful pose wearing a dark suit and purple shirt.,morgan freeman,celebcaption_public_figure,celebcaption,,,,,,summary_with_name,2.jpg,morgan_freeman.jsonl,,,,,
celebcaption_morgan_freeman_003_summary_with_name,Morgan Freeman in a black suit smiling at an event.,morgan freeman,celebcaption_public_figure,celebcaption,,,,,,summary_with_name,3.jpg,morgan_freeman.jsonl,,,,,
celebcaption_morgan_freeman_004_detailed_with_name,"This is a detailed portrait of Morgan Freeman, showcasing his distinctive gray hair and beard, deep-set eyes, and the textured skin of his face. He is wearing a gray suit jacket over a light lavender shirt against a plain light background.",morgan freeman,celebcaption_public_figure,celebcaption,,,,,,detailed_with_name,4.jpg,morgan_freeman.jsonl,,,,,
celebcaption_morgan_freeman_005_detailed_with_name,"Morgan Freeman is depicted wearing a white suit, light blue shirt, and a patterned beige tie, looking directly at the camera with a serious expression. His gray hair and distinctive facial features, including wrinkles and moles, are prominently visible against a plain background.",morgan freeman,celebcaption_public_figure,celebcaption,,,,,,detailed_with_name,5.jpg,morgan_freeman.jsonl,,,,,
celebcaption_neymar_jr_001_summary_with_name,Neymar Jr in Barcelona jersey on a sports field.,neymar jr,celebcaption_public_figure,celebcaption,,,,,,summary_with_name,1.jpg,neymar_jr.jsonl,,,,,
celebcaption_neymar_jr_002_summary_with_name,Neymar Jr celebrating during a FC Barcelona football match.,neymar jr,celebcaption_public_figure,celebcaption,,,,,,summary_with_name,2.jpg,neymar_jr.jsonl,,,,,
celebcaption_neymar_jr_003_summary_with_name,Neymar Jr celebrating during a FC Barcelona football match.,neymar jr,celebcaption_public_figure,celebcaption,,,,,,summary_with_name,3.jpg,neymar_jr.jsonl,,,,,
celebcaption_neymar_jr_004_detailed_with_name,"Neymar Jr is shown wearing the blue and red striped FC Barcelona jersey sponsored by Qatar Airways, standing against a background with artistic splashes of blue and red paint. He is facing forward with a serious expression and has visible tattoos on his arms.",neymar jr,celebcaption_public_figure,celebcaption,,,,,,detailed_with_name,4.jpg,neymar_jr.jsonl,,,,,
celebcaption_neymar_jr_005_detailed_with_name,"Neymar Jr is pictured wearing a black cap and a dark denim jacket with star patterns, carrying a backpack, and winking while looking to the side in an outdoor setting.",neymar jr,celebcaption_public_figure,celebcaption,,,,,,detailed_with_name,5.jpg,neymar_jr.jsonl,,,,,
celebcaption_nicki_minaj_001_summary_with_name,Nicki Minaj stuns in red ombre gown with intricate beadwork.,nicki minaj,celebcaption_public_figure,celebcaption,,,,,,summary_with_name,1.jpg,nicki_minaj.jsonl,,,,,
celebcaption_nicki_minaj_002_summary_with_name,Nicki Minaj wears a sparkly black velvet dress with heels.,nicki minaj,celebcaption_public_figure,celebcaption,,,,,,summary_with_name,2.jpg,nicki_minaj.jsonl,,,,,
celebcaption_nicki_minaj_003_summary_with_name,Nicki Minaj poses on the red carpet in a black lace dress.,nicki minaj,celebcaption_public_figure,celebcaption,,,,,,summary_with_name,3.jpg,nicki_minaj.jsonl,,,,,
celebcaption_nicki_minaj_004_detailed_with_name,"Nicki Minaj poses elegantly in a dramatic black gown featuring voluminous tulle sleeves and a high slit, paired with sleek heels against a plain backdrop. The black-and-white photo highlights her poised expression and sophisticated style by designers Christian Siriano and Alexander Wang.",nicki minaj,celebcaption_public_figure,celebcaption,,,,,,detailed_with_name,4.jpg,nicki_minaj.jsonl,,,,,
celebcaption_nicki_minaj_005_detailed_with_name,"Nicki Minaj is wearing a striking red ombre gown with a deep V neckline and a thigh-high slit, complemented by a dramatic sheer train and black strappy heels. She accessorizes with an intricate black and red beaded headpiece and a matching statement necklace, along with sparkling bracelets, while smiling and waving to the photographers.",nicki minaj,celebcaption_public_figure,celebcaption,,,,,,detailed_with_name,5.jpg,nicki_minaj.jsonl,,,,,
celebcaption_nicole_kidman_001_summary_with_name,Nicole Kidman poses elegantly on a red carpet in a pink dress.,nicole kidman,celebcaption_public_figure,celebcaption,,,,,,summary_with_name,1.jpg,nicole_kidman.jsonl,,,,,
celebcaption_nicole_kidman_002_summary_with_name,Nicole Kidman in embroidered yellow gown at red carpet event.,nicole kidman,celebcaption_public_figure,celebcaption,,,,,,summary_with_name,2.jpg,nicole_kidman.jsonl,,,,,
celebcaption_nicole_kidman_003_summary_with_name,Nicole Kidman on red carpet in elegant blue gown.,nicole kidman,celebcaption_public_figure,celebcaption,,,,,,summary_with_name,3.jpg,nicole_kidman.jsonl,,,,,
celebcaption_nicole_kidman_004_detailed_with_name,"Nicole Kidman is wearing a striking green sequined off-the-shoulder mini dress with a large bow detail on the front. She pairs the dress with nude pointed-toe heels, a green clutch, and subtle jewelry, standing confidently on a red carpet backdrop featuring the Omega logo.",nicole kidman,celebcaption_public_figure,celebcaption,,,,,,detailed_with_name,4.jpg,nicole_kidman.jsonl,,,,,
celebcaption_nicole_kidman_005_detailed_with_name,"Nicole Kidman is standing on a red carpet at the G'Day USA event, wearing a long black velvet dress with a subtle leopard print pattern. Her blonde hair is styled straight and worn over one shoulder, and she has bright red lipstick and elegant earrings complementing her look.",nicole kidman,celebcaption_public_figure,celebcaption,,,,,,detailed_with_name,5.jpg,nicole_kidman.jsonl,,,,,
celebcaption_novak_djokovic_001_summary_with_name,Novak Djokovic in red sports shirt with Olympic emblem.,novak djokovic,celebcaption_public_figure,celebcaption,,,,,,summary_with_name,1.jpg,novak_djokovic.jsonl,,,,,
celebcaption_novak_djokovic_002_summary_with_name,"Novak Djokovic holds trophy, celebrating tennis victory.",novak djokovic,celebcaption_public_figure,celebcaption,,,,,,summary_with_name,2.jpg,novak_djokovic.jsonl,,,,,
celebcaption_novak_djokovic_003_summary_with_name,Novak Djokovic playing tennis in action shot.,novak djokovic,celebcaption_public_figure,celebcaption,,,,,,summary_with_name,3.jpg,novak_djokovic.jsonl,,,,,
celebcaption_novak_djokovic_004_detailed_with_name,"Novak Djokovic is walking through a futuristic, hexagonally-lit tunnel carrying two tennis bags, one on each shoulder. He is dressed in a blue sports shirt, white shorts, and blue tennis shoes, appearing focused and ready for a match or practice session.",novak djokovic,celebcaption_public_figure,celebcaption,,,,,,detailed_with_name,4.jpg,novak_djokovic.jsonl,,,,,
celebcaption_novak_djokovic_005_detailed_with_name,"Novak Djokovic is seen sitting on a tennis court, taking a break with a white towel around his neck, wearing a blue patterned shirt and wristbands. He appears to be catching his breath or strategizing during a match, with blurred spectators in the background.",novak djokovic,celebcaption_public_figure,celebcaption,,,,,,detailed_with_name,5.jpg,novak_djokovic.jsonl,,,,,
celebcaption_oprah_winfrey_001_summary_with_name,Oprah Winfrey poses elegantly on a red carpet in a brown gown.,oprah winfrey,celebcaption_public_figure,celebcaption,,,,,,summary_with_name,1.jpg,oprah_winfrey.jsonl,,,,,
celebcaption_oprah_winfrey_002_summary_with_name,Oprah Winfrey delivers speech in elegant purple gown on stage.,oprah winfrey,celebcaption_public_figure,celebcaption,,,,,,summary_with_name,2.jpg,oprah_winfrey.jsonl,,,,,
celebcaption_oprah_winfrey_003_summary_with_name,Oprah Winfrey poses with her Emmy Award on the red carpet.,oprah winfrey,celebcaption_public_figure,celebcaption,,,,,,summary_with_name,3.jpg,oprah_winfrey.jsonl,,,,,
celebcaption_oprah_winfrey_004_detailed_with_name,"Oprah Winfrey is standing on a red carpet at an event, wearing a long, elegant purple gown with a decorative brooch near the neckline. She has voluminous curly hair and is posing confidently with one hand on her hip and the other resting on her stomach, with a crowd visible in the background.",oprah winfrey,celebcaption_public_figure,celebcaption,,,,,,detailed_with_name,4.jpg,oprah_winfrey.jsonl,,,,,
celebcaption_oprah_winfrey_005_detailed_with_name,"Oprah Winfrey is pictured on a red carpet at an evening event, wearing an elegant dark dress with a large, shimmering gold shawl draped over her shoulders. She is smiling broadly, accessorized with a diamond necklace, earrings, bracelets, and a watch, set against a backdrop of people and a sunset sky.",oprah winfrey,celebcaption_public_figure,celebcaption,,,,,,detailed_with_name,5.jpg,oprah_winfrey.jsonl,,,,,
celebcaption_paul_mccartney_001_summary_with_name,Paul McCartney holding a medal at a formal event.,paul mccartney,celebcaption_public_figure,celebcaption,,,,,,summary_with_name,1.jpg,paul_mccartney.jsonl,,,,,
celebcaption_paul_mccartney_002_summary_with_name,Paul McCartney performs on stage with guitar and microphone.,paul mccartney,celebcaption_public_figure,celebcaption,,,,,,summary_with_name,2.jpg,paul_mccartney.jsonl,,,,,
celebcaption_paul_mccartney_003_summary_with_name,Paul McCartney performs energetically on stage with guitar.,paul mccartney,celebcaption_public_figure,celebcaption,,,,,,summary_with_name,3.jpg,paul_mccartney.jsonl,,,,,
celebcaption_paul_mccartney_004_detailed_with_name,"Paul McCartney is performing on stage, playing a sunburst electric bass guitar while wearing a bright purple jacket over a red shirt. He is positioned near a microphone stand with stage lights glowing behind him, captured mid-performance with a lively expression.",paul mccartney,celebcaption_public_figure,celebcaption,,,,,,detailed_with_name,4.jpg,paul_mccartney.jsonl,,,,,
celebcaption_paul_mccartney_005_detailed_with_name,"Paul McCartney is performing on stage wearing a bright red jacket and holding a distinctive violin-shaped bass guitar. He is standing in front of a microphone with his arms wide open, engaging with the audience during a live concert.",paul mccartney,celebcaption_public_figure,celebcaption,,,,,,detailed_with_name,5.jpg,paul_mccartney.jsonl,,,,,
celebcaption_pele_001_summary_with_name,"Pele, legendary soccer player, posing on the field.",pele,celebcaption_public_figure,celebcaption,,,,,,summary_with_name,1.jpg,pele.jsonl,,,,,
celebcaption_pele_002_summary_with_name,Pele celebrating triumph in iconic yellow football jersey.,pele,celebcaption_public_figure,celebcaption,,,,,,summary_with_name,2.jpg,pele.jsonl,,,,,
celebcaption_pele_003_summary_with_name,Pele celebrating in Brazil football jersey with three stars above.,pele,celebcaption_public_figure,celebcaption,,,,,,summary_with_name,3.jpg,pele.jsonl,,,,,
celebcaption_pele_004_detailed_with_name,"Pele, the legendary Brazilian soccer player, is shown here in a black and white photograph wearing a New York Cosmos jersey with the number 10, skillfully balancing a soccer ball on his head. The image captures Pele's focus and joy as he plays soccer on a grassy field.",pele,celebcaption_public_figure,celebcaption,,,,,,detailed_with_name,4.jpg,pele.jsonl,,,,,
celebcaption_pele_005_detailed_with_name,"Pele, the legendary Brazilian footballer, is seen jubilantly celebrating with both arms raised and flashing peace signs during a match, dressed in a dark blue suit jacket and a light gray shirt underneath. The background shows a blurred stadium crowd and players, emphasizing the joyful moment of this iconic sports figure on the field.",pele,celebcaption_public_figure,celebcaption,,,,,,detailed_with_name,5.jpg,pele.jsonl,,,,,
celebcaption_penelope_cruz_001_summary_with_name,Penelope Cruz in a black strapless dress at an event.,penelope cruz,celebcaption_public_figure,celebcaption,,,,,,summary_with_name,1.jpg,penelope_cruz.jsonl,,,,,
celebcaption_penelope_cruz_002_summary_with_name,Penelope Cruz with smoky makeup and diamond hoop earrings.,penelope cruz,celebcaption_public_figure,celebcaption,,,,,,summary_with_name,2.jpg,penelope_cruz.jsonl,,,,,
celebcaption_penelope_cruz_003_summary_with_name,Penelope Cruz poses in a strapless black sequined dress.,penelope cruz,celebcaption_public_figure,celebcaption,,,,,,summary_with_name,3.jpg,penelope_cruz.jsonl,,,,,
celebcaption_penelope_cruz_004_detailed_with_name,"Penelope Cruz is wearing a strapless black dress with lace detailing at the front, complemented by elegant earrings and a matching black clutch. She poses confidently on the red carpet at the Premios Feroz awards event.",penelope cruz,celebcaption_public_figure,celebcaption,,,,,,detailed_with_name,4.jpg,penelope_cruz.jsonl,,,,,
celebcaption_penelope_cruz_005_detailed_with_name,"Penelope Cruz is seen wearing a black dress adorned with intricate gold beadwork and sequins. She has long, wavy dark hair styled to the side, complemented by elegant makeup with bold eyeliner and dark lipstick, along with green drop earrings.",penelope cruz,celebcaption_public_figure,celebcaption,,,,,,detailed_with_name,5.jpg,penelope_cruz.jsonl,,,,,
celebcaption_prince_william_001_summary_with_name,Prince William stands next to a woman in a plaid coat.,prince william,celebcaption_public_figure,celebcaption,,,,,,summary_with_name,1.jpg,prince_william.jsonl,,,,,
celebcaption_prince_william_002_summary_with_name,Prince William in a dark suit with a composed smile.,prince william,celebcaption_public_figure,celebcaption,,,,,,summary_with_name,2.jpg,prince_william.jsonl,,,,,
celebcaption_prince_william_003_summary_with_name,Prince William walking outdoors in formal attire with another man.,prince william,celebcaption_public_figure,celebcaption,,,,,,summary_with_name,3.jpg,prince_william.jsonl,,,,,
celebcaption_prince_william_004_detailed_with_name,"Prince William is seen wearing a dark velvet tuxedo jacket with a black bow tie, engaging in a conversation with a woman in a light blue satin gown holding a matching clutch. They are surrounded by other formally dressed individuals in what appears to be a sophisticated event setting.",prince william,celebcaption_public_figure,celebcaption,,,,,,detailed_with_name,4.jpg,prince_william.jsonl,,,,,
celebcaption_prince_william_005_detailed_with_name,"Prince William is shown wearing a dark coat and a white shirt with a patterned tie, seated among other people. He has a composed expression and is positioned in a public or formal setting, likely attending an event.",prince william,celebcaption_public_figure,celebcaption,,,,,,detailed_with_name,5.jpg,prince_william.jsonl,,,,,
celebcaption_queen_elizabeth_ii_001_summary_with_name,Queen Elizabeth II in royal attire with tiara and cape.,queen elizabeth ii,celebcaption_public_figure,celebcaption,,,,,,summary_with_name,1.jpg,queen_elizabeth_ii.jsonl,,,,,
celebcaption_queen_elizabeth_ii_002_summary_with_name,Profile portrait of Queen Elizabeth II wearing a royal tiara and jewelry.,queen elizabeth ii,celebcaption_public_figure,celebcaption,,,,,,summary_with_name,2.jpg,queen_elizabeth_ii.jsonl,,,,,
celebcaption_queen_elizabeth_ii_003_summary_with_name,Queen Elizabeth II in a regal white gown with royal sash.,queen elizabeth ii,celebcaption_public_figure,celebcaption,,,,,,summary_with_name,3.jpg,queen_elizabeth_ii.jsonl,,,,,
celebcaption_queen_elizabeth_ii_004_detailed_with_name,"This is a profile portrait of Queen Elizabeth II wearing a diamond tiara and pearl earrings, with her hair styled in soft curls and her lips painted red. The photo captures her graceful and regal demeanor in a classic and elegant pose.",queen elizabeth ii,celebcaption_public_figure,celebcaption,,,,,,detailed_with_name,4.jpg,queen_elizabeth_ii.jsonl,,,,,
celebcaption_queen_elizabeth_ii_005_detailed_with_name,"Queen Elizabeth II is pictured wearing a jeweled crown adorned with a cross and floral designs, pearl earrings, a pearl necklace, and a luxurious white fur wrap, photographed against a solid black background in a formal portrait style.",queen elizabeth ii,celebcaption_public_figure,celebcaption,,,,,,detailed_with_name,5.jpg,queen_elizabeth_ii.jsonl,,,,,
celebcaption_quentin_tarantino_001_summary_with_name,Quentin Tarantino poses in a denim jacket and black sweater.,quentin tarantino,celebcaption_public_figure,celebcaption,,,,,,summary_with_name,1.jpg,quentin_tarantino.jsonl,,,,,
celebcaption_quentin_tarantino_002_summary_with_name,Portrait of Quentin Tarantino with intense gaze in black and white.,quentin tarantino,celebcaption_public_figure,celebcaption,,,,,,summary_with_name,2.jpg,quentin_tarantino.jsonl,,,,,
celebcaption_quentin_tarantino_003_summary_with_name,Quentin Tarantino points at the camera in an intense portrait.,quentin tarantino,celebcaption_public_figure,celebcaption,,,,,,summary_with_name,3.jpg,quentin_tarantino.jsonl,,,,,
celebcaption_quentin_tarantino_004_detailed_with_name,"This black and white portrait captures Quentin Tarantino in a close-up shot with a serious expression, highlighting the texture of his skin and his distinctive facial features. He is wearing a dark jacket over a buttoned shirt, and the lighting emphasizes the contours of his face against a plain background.",quentin tarantino,celebcaption_public_figure,celebcaption,,,,,,detailed_with_name,4.jpg,quentin_tarantino.jsonl,,,,,
celebcaption_quentin_tarantino_005_detailed_with_name,"Quentin Tarantino is shown wearing a black suit jacket, a white dress shirt, and a loosely knotted black leather tie. His short, slightly tousled hair and serious expression highlight his distinct appearance at a formal event.",quentin tarantino,celebcaption_public_figure,celebcaption,,,,,,detailed_with_name,5.jpg,quentin_tarantino.jsonl,,,,,
celebcaption_rafael_nadal_001_summary_with_name,Close-up black-and-white portrait of Rafael Nadal with intense gaze.,rafael nadal,celebcaption_public_figure,celebcaption,,,,,,summary_with_name,1.jpg,rafael_nadal.jsonl,,,,,
celebcaption_rafael_nadal_002_summary_with_name,Rafael Nadal intensely focuses during a tennis match.,rafael nadal,celebcaption_public_figure,celebcaption,,,,,,summary_with_name,2.jpg,rafael_nadal.jsonl,,,,,
celebcaption_rafael_nadal_003_summary_with_name,Rafael Nadal in an intense moment during a tennis match.,rafael nadal,celebcaption_public_figure,celebcaption,,,,,,summary_with_name,3.jpg,rafael_nadal.jsonl,,,,,
celebcaption_rafael_nadal_004_detailed_with_name,"Rafael Nadal is seen intensely focused while preparing to hit a two-handed backhand shot in a tennis match, wearing a purple shirt, orange headband, and wristbands. His eyes are locked on the approaching tennis ball as he grips the racket firmly, showcasing his athletic form and preparation during the match.",rafael nadal,celebcaption_public_figure,celebcaption,,,,,,detailed_with_name,4.jpg,rafael_nadal.jsonl,,,,,
celebcaption_rafael_nadal_005_detailed_with_name,"Rafael Nadal is shown in a close-up black and white portrait, wearing a Nike headband and a sports shirt, with visible sweat on his face and neck, looking upwards with a focused expression.",rafael nadal,celebcaption_public_figure,celebcaption,,,,,,detailed_with_name,5.jpg,rafael_nadal.jsonl,,,,,
celebcaption_richard_branson_001_summary_with_name,Richard Branson in a close-up with white shirt and blonde hair.,richard branson,celebcaption_public_figure,celebcaption,,,,,,summary_with_name,1.jpg,richard_branson.jsonl,,,,,
celebcaption_richard_branson_002_summary_with_name,Richard Branson in a formal jacket and white shirt close-up portrait.,richard branson,celebcaption_public_figure,celebcaption,,,,,,summary_with_name,2.jpg,richard_branson.jsonl,,,,,
celebcaption_richard_branson_003_summary_with_name,Richard Branson smiling and making an 'OK' gesture.,richard branson,celebcaption_public_figure,celebcaption,,,,,,summary_with_name,3.jpg,richard_branson.jsonl,,,,,
celebcaption_richard_branson_004_detailed_with_name,"Richard Branson is seated in a comfortable armchair, looking thoughtfully into the distance while holding a colorful pen and a notebook in his hands. He wears a bright blue shirt, a wristwatch, and a ring, appearing relaxed and contemplative in a cozy indoor setting.",richard branson,celebcaption_public_figure,celebcaption,,,,,,detailed_with_name,4.jpg,richard_branson.jsonl,,,,,
celebcaption_richard_branson_005_detailed_with_name,"Richard Branson is sitting on a carpeted staircase with patterned steps, wearing a black blazer over a white shirt and dark pants, surrounded by stacks of large white sacks on both sides. He is looking directly at the camera with his hands clasped together in front of him, displaying a calm and confident demeanor.",richard branson,celebcaption_public_figure,celebcaption,,,,,,detailed_with_name,5.jpg,richard_branson.jsonl,,,,,
celebcaption_ricky_martin_001_summary_with_name,Ricky Martin posing confidently in black velvet blazer at event.,ricky martin,celebcaption_public_figure,celebcaption,,,,,,summary_with_name,1.jpg,ricky_martin.jsonl,,,,,
celebcaption_ricky_martin_002_summary_with_name,Ricky Martin poses confidently in casual white attire with tattoos.,ricky martin,celebcaption_public_figure,celebcaption,,,,,,summary_with_name,2.jpg,ricky_martin.jsonl,,,,,
celebcaption_ricky_martin_003_summary_with_name,Ricky Martin passionately singing on stage with microphone and leather jacket.,ricky martin,celebcaption_public_figure,celebcaption,,,,,,summary_with_name,3.jpg,ricky_martin.jsonl,,,,,
celebcaption_ricky_martin_004_detailed_with_name,"Ricky Martin is performing on stage, holding a microphone stand with a smile on his face, wearing a black shirt with rolled-up sleeves. The background features concert lighting that highlights him as he engages with the audience.",ricky martin,celebcaption_public_figure,celebcaption,,,,,,detailed_with_name,4.jpg,ricky_martin.jsonl,,,,,
celebcaption_ricky_martin_005_detailed_with_name,"Ricky Martin is holding a Grammy award and pointing towards the camera, wearing a grey and black striped long-sleeve shirt and a beaded necklace, with a blue backdrop featuring the CBS logo behind him. He appears to be at a Grammy awards event, smiling confidently while showcasing his trophy.",ricky martin,celebcaption_public_figure,celebcaption,,,,,,detailed_with_name,5.jpg,ricky_martin.jsonl,,,,,
celebcaption_robert_de_niro_001_summary_with_name,Robert De Niro attending an indoor event with a companion.,robert de niro,celebcaption_public_figure,celebcaption,,,,,,summary_with_name,1.jpg,robert_de_niro.jsonl,,,,,
celebcaption_robert_de_niro_002_summary_with_name,Robert De Niro speaks at formal event wearing tuxedo.,robert de niro,celebcaption_public_figure,celebcaption,,,,,,summary_with_name,2.jpg,robert_de_niro.jsonl,,,,,
celebcaption_robert_de_niro_003_summary_with_name,Robert De Niro at the Tribeca Festival with a woman.,robert de niro,celebcaption_public_figure,celebcaption,,,,,,summary_with_name,3.jpg,robert_de_niro.jsonl,,,,,
celebcaption_robert_de_niro_004_detailed_with_name,"Robert De Niro is shown in a close-up portrait wearing a grey suit jacket over a light grey shirt, standing against a blurred background likely at a public or formal event. His expression is calm and slightly serious, highlighting his distinctive facial features and grey hair.",robert de niro,celebcaption_public_figure,celebcaption,,,,,,detailed_with_name,4.jpg,robert_de_niro.jsonl,,,,,
celebcaption_robert_de_niro_005_detailed_with_name,"Robert De Niro is pictured in a close-up portrait outdoors, wearing a gray blazer and light-colored shirt. His expression is calm and subtle, with a soft-focus natural background of greenery.",robert de niro,celebcaption_public_figure,celebcaption,,,,,,detailed_with_name,5.jpg,robert_de_niro.jsonl,,,,,
celebcaption_robert_downey_jr_001_summary_with_name,Robert Downey Jr holds a CD while smiling enthusiastically.,robert downey jr,celebcaption_public_figure,celebcaption,,,,,,summary_with_name,1.jpg,robert_downey_jr.jsonl,,,,,
celebcaption_robert_downey_jr_002_summary_with_name,Robert Downey Jr speaks at a Comic-Con panel event.,robert downey jr,celebcaption_public_figure,celebcaption,,,,,,summary_with_name,2.jpg,robert_downey_jr.jsonl,,,,,
celebcaption_robert_downey_jr_003_summary_with_name,Robert Downey Jr. dressed in tuxedo at formal event.,robert downey jr,celebcaption_public_figure,celebcaption,,,,,,summary_with_name,3.jpg,robert_downey_jr.jsonl,,,,,
celebcaption_robert_downey_jr_004_detailed_with_name,"Robert Downey Jr is seen wearing a sharp grey suit over a black shirt, looking slightly to the side with a subtle smile and tousled hair against a blue blurred backdrop.",robert downey jr,celebcaption_public_figure,celebcaption,,,,,,detailed_with_name,4.jpg,robert_downey_jr.jsonl,,,,,
celebcaption_robert_downey_jr_005_detailed_with_name,"Robert Downey Jr is seen wearing stylish pink-tinted round sunglasses and a black jacket over a black shirt, smiling confidently with a backdrop that transitions from blue to blurred neutral tones. His groomed facial hair and neatly styled hair complement his casual and polished appearance at what appears to be a public or media event.",robert downey jr,celebcaption_public_figure,celebcaption,,,,,,detailed_with_name,5.jpg,robert_downey_jr.jsonl,,,,,
celebcaption_robert_lewandowski_001_summary_with_name,Robert Lewandowski at a formal event in a black tuxedo.,robert lewandowski,celebcaption_public_figure,celebcaption,,,,,,summary_with_name,1.jpg,robert_lewandowski.jsonl,,,,,
celebcaption_robert_lewandowski_002_summary_with_name,Robert Lewandowski gives an interview wearing FC Barcelona gear.,robert lewandowski,celebcaption_public_figure,celebcaption,,,,,,summary_with_name,2.jpg,robert_lewandowski.jsonl,,,,,
celebcaption_robert_lewandowski_003_summary_with_name,Robert Lewandowski in Poland national football team jersey number 9.,robert lewandowski,celebcaption_public_figure,celebcaption,,,,,,summary_with_name,3.jpg,robert_lewandowski.jsonl,,,,,
celebcaption_robert_lewandowski_004_detailed_with_name,"Robert Lewandowski is seen walking on a grassy area near a building with red window frames, wearing a white sleeveless Bayern Munich training jersey with the number 9 and Adidas and team logos visible. He appears confident and focused, likely during a training session or casual moment at the club's facility.",robert lewandowski,celebcaption_public_figure,celebcaption,,,,,,detailed_with_name,4.jpg,robert_lewandowski.jsonl,,,,,
celebcaption_robert_lewandowski_005_detailed_with_name,"Robert Lewandowski is shown in a mid-shot, smiling warmly against a background of horizontal slats in red hues. He is wearing a cream-colored knitted sweater, and his short dark hair is styled upwards, giving a relaxed and approachable appearance.",robert lewandowski,celebcaption_public_figure,celebcaption,,,,,,detailed_with_name,5.jpg,robert_lewandowski.jsonl,,,,,
celebcaption_robyn_fenty_001_summary_with_name,Robyn Fenty in a stylish black lace dress and jewelry.,robyn fenty,celebcaption_public_figure,celebcaption,,,,,,summary_with_name,1.jpg,robyn_fenty.jsonl,,,,,
celebcaption_robyn_fenty_002_summary_with_name,Robyn Fenty smiling at the Fenty Show event.,robyn fenty,celebcaption_public_figure,celebcaption,,,,,,summary_with_name,2.jpg,robyn_fenty.jsonl,,,,,
celebcaption_robyn_fenty_003_summary_with_name,Robyn Fenty with vibrant red hair and mint green top.,robyn fenty,celebcaption_public_figure,celebcaption,,,,,,summary_with_name,3.jpg,robyn_fenty.jsonl,,,,,
celebcaption_robyn_fenty_004_detailed_with_name,"Robyn Fenty is shown in a close-up portrait wearing a white halter top and layered gold necklaces, including a prominent ankh pendant. She has shoulder-length wavy black hair, soft makeup, and is accessorized with hoop earrings, multiple rings, and bracelets, while holding a light beige jacket over her shoulder.",robyn fenty,celebcaption_public_figure,celebcaption,,,,,,detailed_with_name,4.jpg,robyn_fenty.jsonl,,,,,
celebcaption_robyn_fenty_005_detailed_with_name,"Robyn Fenty is captured in a close-up profile shot, smiling and waving while showcasing a pearl choker necklace, flower-shaped earrings, and white gloves with cut-off fingers. Her hair is styled back smoothly, and her makeup includes vibrant red lipstick and well-defined brows, with a man blurred in the background.",robyn fenty,celebcaption_public_figure,celebcaption,,,,,,detailed_with_name,5.jpg,robyn_fenty.jsonl,,,,,
celebcaption_ronaldinho_001_summary_with_name,Ronaldinho controlling the ball in a Brazil national team match.,ronaldinho,celebcaption_public_figure,celebcaption,,,,,,summary_with_name,1.jpg,ronaldinho.jsonl,,,,,
celebcaption_ronaldinho_002_summary_with_name,Ronaldinho wearing Brazil jersey number 7 on soccer field.,ronaldinho,celebcaption_public_figure,celebcaption,,,,,,summary_with_name,2.jpg,ronaldinho.jsonl,,,,,
celebcaption_ronaldinho_003_summary_with_name,Ronaldinho skillfully controls the ball in a Brazil soccer match.,ronaldinho,celebcaption_public_figure,celebcaption,,,,,,summary_with_name,3.jpg,ronaldinho.jsonl,,,,,
celebcaption_ronaldinho_004_detailed_with_name,"Ronaldinho, wearing the blue Brazil national football team jersey with number 11, is joyfully running with a big smile while his teammates celebrate behind him. His long curly hair flows as he moves forward, highlighting a moment of victory or success during a football match.",ronaldinho,celebcaption_public_figure,celebcaption,,,,,,detailed_with_name,4.jpg,ronaldinho.jsonl,,,,,
celebcaption_ronaldinho_005_detailed_with_name,"Ronaldinho is celebrating on a football field, draped in a Brazilian flag and wearing a yellow Brazil national team jersey with the number 10. He appears joyful, likely after a significant victory, with a medal around his neck and stadium lights illuminating the background.",ronaldinho,celebcaption_public_figure,celebcaption,,,,,,detailed_with_name,5.jpg,ronaldinho.jsonl,,,,,
celebcaption_rupert_grint_001_summary_with_name,Actor Rupert Grint smiles in stylish blazer and patterned shirt.,rupert grint,celebcaption_public_figure,celebcaption,,,,,,summary_with_name,1.jpg,rupert_grint.jsonl,,,,,
celebcaption_rupert_grint_002_summary_with_name,Portrait of Rupert Grint in a suit with a gentle smile.,rupert grint,celebcaption_public_figure,celebcaption,,,,,,summary_with_name,2.jpg,rupert_grint.jsonl,,,,,
celebcaption_rupert_grint_003_summary_with_name,Rupert Grint in sunglasses and bow tie with white blazer.,rupert grint,celebcaption_public_figure,celebcaption,,,,,,summary_with_name,3.jpg,rupert_grint.jsonl,,,,,
celebcaption_rupert_grint_004_detailed_with_name,"Rupert Grint is shown in a close-up image with ginger hair and a trimmed beard, wearing a dark green outfit. His light-colored eyes and gentle smile are prominent against a plain gray background.",rupert grint,celebcaption_public_figure,celebcaption,,,,,,detailed_with_name,4.jpg,rupert_grint.jsonl,,,,,
celebcaption_rupert_grint_005_detailed_with_name,Rupert Grint is pictured in a close-up image showing his fair complexion and distinct red hair. He wears a light gray shirt and looks directly at the camera with a neutral expression against a textured concrete background.,rupert grint,celebcaption_public_figure,celebcaption,,,,,,detailed_with_name,5.jpg,rupert_grint.jsonl,,,,,
celebcaption_ryan_reynolds_001_summary_with_name,Ryan Reynolds watches a sporting event with arms crossed.,ryan reynolds,celebcaption_public_figure,celebcaption,,,,,,summary_with_name,1.jpg,ryan_reynolds.jsonl,,,,,
celebcaption_ryan_reynolds_002_summary_with_name,Ryan Reynolds talks with a man wearing glasses and a cap.,ryan reynolds,celebcaption_public_figure,celebcaption,,,,,,summary_with_name,2.jpg,ryan_reynolds.jsonl,,,,,
celebcaption_ryan_reynolds_003_summary_with_name,Ryan Reynolds poses casually in a white shirt indoors.,ryan reynolds,celebcaption_public_figure,celebcaption,,,,,,summary_with_name,3.jpg,ryan_reynolds.jsonl,,,,,
celebcaption_ryan_reynolds_004_detailed_with_name,"Ryan Reynolds is walking outdoors on a sunny day wearing black-framed glasses, a light brown jacket over a colorful patterned shirt, blue jeans, and white sneakers. He is accompanied by another casually dressed man and walking past a white car with yellow safety railings in the background.",ryan reynolds,celebcaption_public_figure,celebcaption,,,,,,detailed_with_name,4.jpg,ryan_reynolds.jsonl,,,,,
celebcaption_ryan_reynolds_005_detailed_with_name,"Ryan Reynolds is walking on a city sidewalk wearing a brown suede jacket, light blue jeans, white sneakers, and black-framed glasses, holding a black bag in his left hand.",ryan reynolds,celebcaption_public_figure,celebcaption,,,,,,detailed_with_name,5.jpg,ryan_reynolds.jsonl,,,,,
celebcaption_sachin_tendulkar_001_summary_with_name,Sachin Tendulkar smiling in Indian cricket team uniform.,sachin tendulkar,celebcaption_public_figure,celebcaption,,,,,,summary_with_name,1.jpg,sachin_tendulkar.jsonl,,,,,
celebcaption_sachin_tendulkar_002_summary_with_name,Sachin Tendulkar celebrates a cricket milestone on the field.,sachin tendulkar,celebcaption_public_figure,celebcaption,,,,,,summary_with_name,2.jpg,sachin_tendulkar.jsonl,,,,,
celebcaption_sachin_tendulkar_003_summary_with_name,Sachin Tendulkar prepares to bat as bowler delivers ball.,sachin tendulkar,celebcaption_public_figure,celebcaption,,,,,,summary_with_name,3.jpg,sachin_tendulkar.jsonl,,,,,
celebcaption_sachin_tendulkar_004_detailed_with_name,"Sachin Tendulkar is shown playing a cricket shot during a match, wearing the traditional white cricket attire with protective gear, while an opposing team's wicketkeeper is ready behind the stumps. The scene captures an intense moment in the game, with Sachin Tendulkar focused on his shot and the wicketkeeper alert to catch the ball.",sachin tendulkar,celebcaption_public_figure,celebcaption,,,,,,detailed_with_name,4.jpg,sachin_tendulkar.jsonl,,,,,
celebcaption_sachin_tendulkar_005_detailed_with_name,"Sachin Tendulkar is captured in this image playing a cricket shot while wearing the traditional white cricket uniform and protective gear, including gloves and a helmet. He is in the act of hitting the ball with his bat on a cricket pitch, demonstrating his poised batting stance.",sachin tendulkar,celebcaption_public_figure,celebcaption,,,,,,detailed_with_name,5.jpg,sachin_tendulkar.jsonl,,,,,
celebcaption_samuel_l_jackson_001_summary_with_name,Samuel L. Jackson wears a light beige tuxedo with bow tie.,samuel l. jackson,celebcaption_public_figure,celebcaption,,,,,,summary_with_name,1.jpg,samuel_l._jackson.jsonl,,,,,
celebcaption_samuel_l_jackson_002_summary_with_name,Black-and-white intense portrait of Samuel L. Jackson with glasses.,samuel l. jackson,celebcaption_public_figure,celebcaption,,,,,,summary_with_name,2.jpg,samuel_l._jackson.jsonl,,,,,
celebcaption_samuel_l_jackson_003_summary_with_name,Samuel L. Jackson in a dramatic portrait with a serious expression.,samuel l. jackson,celebcaption_public_figure,celebcaption,,,,,,summary_with_name,3.jpg,samuel_l._jackson.jsonl,,,,,
celebcaption_samuel_l_jackson_004_detailed_with_name,Samuel L. Jackson is pictured wearing round glasses and dressed in a formal black suit with a white shirt. He is posed thoughtfully with one hand resting near his mouth and the other arm crossed.,samuel l. jackson,celebcaption_public_figure,celebcaption,,,,,,detailed_with_name,4.jpg,samuel_l._jackson.jsonl,,,,,
celebcaption_samuel_l_jackson_005_detailed_with_name,"Samuel L. Jackson is dressed in a metallic silver tuxedo jacket with satin lapels, paired with black trousers, a white dress shirt, and a matching silver bow tie. He accessorizes with clear frame glasses and black dress shoes, standing confidently against a backdrop featuring gold Oscar statuettes.",samuel l. jackson,celebcaption_public_figure,celebcaption,,,,,,detailed_with_name,5.jpg,samuel_l._jackson.jsonl,,,,,
celebcaption_sandra_bullock_001_summary_with_name,Sandra Bullock poses at an Oscars event in a glittering dress.,sandra bullock,celebcaption_public_figure,celebcaption,,,,,,summary_with_name,1.jpg,sandra_bullock.jsonl,,,,,
celebcaption_sandra_bullock_002_summary_with_name,Sandra Bullock speaking and smiling on stage with purple background.,sandra bullock,celebcaption_public_figure,celebcaption,,,,,,summary_with_name,2.jpg,sandra_bullock.jsonl,,,,,
celebcaption_sandra_bullock_003_summary_with_name,Sandra Bullock poses elegantly in a close-up portrait.,sandra bullock,celebcaption_public_figure,celebcaption,,,,,,summary_with_name,3.jpg,sandra_bullock.jsonl,,,,,
celebcaption_sandra_bullock_004_detailed_with_name,"Sandra Bullock poses against a blue backdrop wearing a strapless mustard yellow dress. She accessorizes with layered gold chain necklaces and a matching chunky gold bracelet, with her hair styled in loose waves framing her face.",sandra bullock,celebcaption_public_figure,celebcaption,,,,,,detailed_with_name,4.jpg,sandra_bullock.jsonl,,,,,
celebcaption_sandra_bullock_005_detailed_with_name,"Sandra Bullock is seen in a close-up shot at what appears to be a formal event or premiere. She has her dark hair pulled back, is wearing subtle makeup, and a patterned dress with metallic accents on the straps.",sandra bullock,celebcaption_public_figure,celebcaption,,,,,,detailed_with_name,5.jpg,sandra_bullock.jsonl,,,,,
celebcaption_scarlett_johansson_001_summary_with_name,Scarlett Johansson in a focused close-up with blonde hair.,scarlett johansson,celebcaption_public_figure,celebcaption,,,,,,summary_with_name,1.jpg,scarlett_johansson.jsonl,,,,,
celebcaption_scarlett_johansson_002_summary_with_name,Close-up portrait of Scarlett Johansson with bold red lipstick.,scarlett johansson,celebcaption_public_figure,celebcaption,,,,,,summary_with_name,2.jpg,scarlett_johansson.jsonl,,,,,
celebcaption_scarlett_johansson_003_summary_with_name,Scarlett Johansson in a close-up portrait with elegant styling.,scarlett johansson,celebcaption_public_figure,celebcaption,,,,,,summary_with_name,3.jpg,scarlett_johansson.jsonl,,,,,
celebcaption_scarlett_johansson_004_detailed_with_name,"Scarlett Johansson is wearing a strapless black and white polka-dot dress with large rhinestone embellishments on the black portion, complemented by her shoulder-length blonde hair styled in loose waves. She poses against a backdrop featuring text related to the Film Independent Spirit Awards.",scarlett johansson,celebcaption_public_figure,celebcaption,,,,,,detailed_with_name,4.jpg,scarlett_johansson.jsonl,,,,,
celebcaption_scarlett_johansson_005_detailed_with_name,"Scarlett Johansson is shown in a close-up portrait with her hair neatly styled back and wearing a light pink textured coat with large buttons. Her makeup is polished, featuring vibrant red lipstick and subtle eyeshadow, set against a plain grey background.",scarlett johansson,celebcaption_public_figure,celebcaption,,,,,,detailed_with_name,5.jpg,scarlett_johansson.jsonl,,,,,
celebcaption_selena_gomez_001_summary_with_name,Selena Gomez in a yellow crop top and patterned skirt outdoors.,selena gomez,celebcaption_public_figure,celebcaption,,,,,,summary_with_name,1.jpg,selena_gomez.jsonl,,,,,
celebcaption_selena_gomez_002_summary_with_name,Selena Gomez sitting on an orange bench wearing black and maroon.,selena gomez,celebcaption_public_figure,celebcaption,,,,,,summary_with_name,2.jpg,selena_gomez.jsonl,,,,,
celebcaption_selena_gomez_003_summary_with_name,Selena Gomez poses stylishly indoors with white orchids behind her.,selena gomez,celebcaption_public_figure,celebcaption,,,,,,summary_with_name,3.jpg,selena_gomez.jsonl,,,,,
celebcaption_selena_gomez_004_detailed_with_name,"Selena Gomez is posing indoors, kneeling on an orange cushioned bench. She wears a black and maroon zip-up jacket, black pants with leather detailing, black high-heeled shoes, and large hoop earrings, smiling with her long hair styled in loose waves.",selena gomez,celebcaption_public_figure,celebcaption,,,,,,detailed_with_name,4.jpg,selena_gomez.jsonl,,,,,
celebcaption_selena_gomez_005_detailed_with_name,"Selena Gomez is walking outside, wearing a black-and-white patterned long-sleeve top with denim shorts and carrying a white handbag. She has wavy hair, sunglasses, and holds a drink cup in one hand and a set of keys in the other.",selena gomez,celebcaption_public_figure,celebcaption,,,,,,detailed_with_name,5.jpg,selena_gomez.jsonl,,,,,
celebcaption_serena_williams_001_summary_with_name,Serena Williams on Vogue British cover in elegant black dress.,serena williams,celebcaption_public_figure,celebcaption,,,,,,summary_with_name,1.jpg,serena_williams.jsonl,,,,,
celebcaption_serena_williams_002_summary_with_name,Serena Williams in a thoughtful black-and-white portrait.,serena williams,celebcaption_public_figure,celebcaption,,,,,,summary_with_name,2.jpg,serena_williams.jsonl,,,,,
celebcaption_serena_williams_003_summary_with_name,Serena Williams focused during a tennis match.,serena williams,celebcaption_public_figure,celebcaption,,,,,,summary_with_name,3.jpg,serena_williams.jsonl,,,,,
celebcaption_serena_williams_004_detailed_with_name,"Serena Williams is standing confidently in a dimly lit environment, wearing a casual sporty outfit consisting of a Nike zip-up jacket with leather sleeves and matching pants. Her curly hair frames her face, and she has her hand in her pocket while looking slightly to the side.",serena williams,celebcaption_public_figure,celebcaption,,,,,,detailed_with_name,4.jpg,serena_williams.jsonl,,,,,
celebcaption_serena_williams_005_detailed_with_name,"Serena Williams is captured intensely focused during a tennis match, holding her racket with both hands and preparing for a shot. She wears a sleeveless sports dress, a headband, and a watch, showcasing her athletic build and determination on the court.",serena williams,celebcaption_public_figure,celebcaption,,,,,,detailed_with_name,5.jpg,serena_williams.jsonl,,,,,
celebcaption_shailene_woodley_001_summary_with_name,Close-up portrait of Shailene Woodley with hand on face.,shailene woodley,celebcaption_public_figure,celebcaption,,,,,,summary_with_name,1.jpg,shailene_woodley.jsonl,,,,,
celebcaption_shailene_woodley_002_summary_with_name,Shailene Woodley poses in a light blue outfit with tousled hair.,shailene woodley,celebcaption_public_figure,celebcaption,,,,,,summary_with_name,2.jpg,shailene_woodley.jsonl,,,,,
celebcaption_shailene_woodley_003_summary_with_name,Shailene Woodley smiles in a black sleeveless outfit.,shailene woodley,celebcaption_public_figure,celebcaption,,,,,,summary_with_name,3.jpg,shailene_woodley.jsonl,,,,,
celebcaption_shailene_woodley_004_detailed_with_name,"Shailene Woodley stands in front of a blue-purple backdrop featuring part of the word ""Oscar"". She is wearing a sleeveless dress with a light green bodice and a vibrant green skirt, accessorized with delicate earrings and a bracelet. Her hair is parted in the middle and styled down, and she has a subtle smile on her face.",shailene woodley,celebcaption_public_figure,celebcaption,,,,,,detailed_with_name,4.jpg,shailene_woodley.jsonl,,,,,
celebcaption_shailene_woodley_005_detailed_with_name,"Shailene Woodley poses barefoot in a black-and-white portrait, wearing a white button-up shirt and fitted jeans, striking a dynamic and stylish pose against a plain backdrop. The image captures her with short hair, looking thoughtfully into the distance, showcasing a blend of casual and editorial fashion.",shailene woodley,celebcaption_public_figure,celebcaption,,,,,,detailed_with_name,5.jpg,shailene_woodley.jsonl,,,,,
celebcaption_shakira_001_summary_with_name,Shakira performing with curly hair in a black and white image.,shakira,celebcaption_public_figure,celebcaption,,,,,,summary_with_name,1.jpg,shakira.jsonl,,,,,
celebcaption_shakira_002_summary_with_name,Shakira poses barefoot with flowers in a studio setting.,shakira,celebcaption_public_figure,celebcaption,,,,,,summary_with_name,2.jpg,shakira.jsonl,,,,,
celebcaption_shakira_003_summary_with_name,Shakira smiles wearing black with voluminous curly hair.,shakira,celebcaption_public_figure,celebcaption,,,,,,summary_with_name,3.jpg,shakira.jsonl,,,,,
celebcaption_shakira_004_detailed_with_name,"Shakira is standing confidently with her left hand on her hip, wearing a black sleeveless top and light denim cutoff shorts. She has long, wavy dark hair and is smiling directly at the camera against a plain background.",shakira,celebcaption_public_figure,celebcaption,,,,,,detailed_with_name,4.jpg,shakira.jsonl,,,,,
celebcaption_shakira_005_detailed_with_name,"Shakira is captured in a lively pose wearing a black off-shoulder top and a blue skirt, holding a hat in her raised hand against a blue textured background. She is smiling brightly, embodying an energetic and joyful vibe.",shakira,celebcaption_public_figure,celebcaption,,,,,,detailed_with_name,5.jpg,shakira.jsonl,,,,,
celebcaption_shaquille_oneal_001_summary_with_name,Shaquille O’Neal stands in Lakers jersey during a basketball game.,shaquille oneal,celebcaption_public_figure,celebcaption,,,,,,summary_with_name,1.jpg,shaquille_oneal.jsonl,,,,,
celebcaption_shaquille_oneal_002_summary_with_name,Shaquille O’Neal dunks against Indiana Pacers defenders.,shaquille oneal,celebcaption_public_figure,celebcaption,,,,,,summary_with_name,2.jpg,shaquille_oneal.jsonl,,,,,
celebcaption_shaquille_oneal_003_summary_with_name,Shaquille O’Neal smiling in a bowler hat and beige jacket.,shaquille oneal,celebcaption_public_figure,celebcaption,,,,,,summary_with_name,3.jpg,shaquille_oneal.jsonl,,,,,
celebcaption_shaquille_oneal_004_detailed_with_name,"Shaquille O’Neal is seen standing on a basketball court wearing a Los Angeles Lakers uniform with the number 34, looking focused during a game with a crowd watching in the background.",shaquille oneal,celebcaption_public_figure,celebcaption,,,,,,detailed_with_name,4.jpg,shaquille_oneal.jsonl,,,,,
celebcaption_shaquille_oneal_005_detailed_with_name,"Shaquille O’Neal is pictured in a basketball game wearing a blue and yellow Lakers uniform, holding the basketball with both hands while facing defensive pressure from an opposing player in a white and red uniform. He is positioned on a hardwood court with a blurred crowd in the background, capturing an intense moment of the game.",shaquille oneal,celebcaption_public_figure,celebcaption,,,,,,detailed_with_name,5.jpg,shaquille_oneal.jsonl,,,,,
celebcaption_sia_furler_001_summary_with_name,Sia Furler smiling in colorful vest and blonde bob haircut.,sia furler,celebcaption_public_figure,celebcaption,,,,,,summary_with_name,1.jpg,sia_furler.jsonl,,,,,
celebcaption_sia_furler_002_summary_with_name,Sia Furler smiling with short blonde bob hairstyle.,sia furler,celebcaption_public_figure,celebcaption,,,,,,summary_with_name,2.jpg,sia_furler.jsonl,,,,,
celebcaption_sia_furler_003_summary_with_name,Sia Furler smiles brightly with a side braid indoors.,sia furler,celebcaption_public_figure,celebcaption,,,,,,summary_with_name,3.jpg,sia_furler.jsonl,,,,,
celebcaption_sia_furler_004_detailed_with_name,"Sia Furler is shown in a close-up image, featuring her signature platinum blonde bob hairstyle with blunt bangs. She poses with her hand near her mouth while looking to her left, dressed in a light-colored sleeveless top against a dark background.",sia furler,celebcaption_public_figure,celebcaption,,,,,,detailed_with_name,4.jpg,sia_furler.jsonl,,,,,
celebcaption_sia_furler_005_detailed_with_name,"Sia Furler is pictured against a vibrant blue background wearing colorful, round sunglasses and a plaid shirt with rolled-up sleeves. She has short blonde hair and is posing playfully with her hands near her head, showing off brightly colored, patterned nails.",sia furler,celebcaption_public_figure,celebcaption,,,,,,detailed_with_name,5.jpg,sia_furler.jsonl,,,,,
celebcaption_stan_lee_001_summary_with_name,Stan Lee mimics Spider-Man's pose at a movie premiere.,stan lee,celebcaption_public_figure,celebcaption,,,,,,summary_with_name,1.jpg,stan_lee.jsonl,,,,,
celebcaption_stan_lee_002_summary_with_name,Stan Lee waves while seated on stage at an event.,stan lee,celebcaption_public_figure,celebcaption,,,,,,summary_with_name,2.jpg,stan_lee.jsonl,,,,,
celebcaption_stan_lee_003_summary_with_name,Stan Lee wearing sunglasses and a tan jacket with a smile.,stan lee,celebcaption_public_figure,celebcaption,,,,,,summary_with_name,3.jpg,stan_lee.jsonl,,,,,
celebcaption_stan_lee_004_detailed_with_name,"Stan Lee is seen standing next to a yellow New York City taxi cab, wearing a beige trench coat and large tinted glasses, looking slightly upwards. The taxi has visible fare information and identification numbers, and Stan Lee appears calm and contemplative in this urban setting.",stan lee,celebcaption_public_figure,celebcaption,,,,,,detailed_with_name,4.jpg,stan_lee.jsonl,,,,,
celebcaption_stan_lee_005_detailed_with_name,"Stan Lee is shown wearing dark tinted glasses, a light green sweater over a white collared shirt, smiling warmly against a blurred event backdrop. The elder comic book legend is captured in a close-up portrait highlighting his characteristic white hair and mustache.",stan lee,celebcaption_public_figure,celebcaption,,,,,,detailed_with_name,5.jpg,stan_lee.jsonl,,,,,
celebcaption_stephen_curry_001_summary_with_name,Close-up black-and-white portrait of Stephen Curry in basketball jersey.,stephen curry,celebcaption_public_figure,celebcaption,,,,,,summary_with_name,1.jpg,stephen_curry.jsonl,,,,,
celebcaption_stephen_curry_002_summary_with_name,Stephen Curry raises his arms wearing a Warriors jersey.,stephen curry,celebcaption_public_figure,celebcaption,,,,,,summary_with_name,2.jpg,stephen_curry.jsonl,,,,,
celebcaption_stephen_curry_003_summary_with_name,Stephen Curry in Golden State Warriors uniform holding basketball.,stephen curry,celebcaption_public_figure,celebcaption,,,,,,summary_with_name,3.jpg,stephen_curry.jsonl,,,,,
celebcaption_stephen_curry_004_detailed_with_name,"Stephen Curry is captured dribbling a basketball while wearing a white Golden State Warriors jersey with the number 30 during a game. The background shows an audience with many people wearing yellow, indicating a lively basketball match environment.",stephen curry,celebcaption_public_figure,celebcaption,,,,,,detailed_with_name,4.jpg,stephen_curry.jsonl,,,,,
celebcaption_stephen_curry_005_detailed_with_name,"Stephen Curry is shown in a close-up portrait with clear green eyes, a neatly trimmed goatee, and short curly hair. He is wearing a light blue hoodie over a white shirt, and the background is a neutral light color that emphasizes his facial features.",stephen curry,celebcaption_public_figure,celebcaption,,,,,,detailed_with_name,5.jpg,stephen_curry.jsonl,,,,,
celebcaption_steven_spielberg_001_summary_with_name,Steven Spielberg waves and smiles in front of a red backdrop.,steven spielberg,celebcaption_public_figure,celebcaption,,,,,,summary_with_name,1.jpg,steven_spielberg.jsonl,,,,,
celebcaption_steven_spielberg_002_summary_with_name,Steven Spielberg at a formal event wearing a tuxedo.,steven spielberg,celebcaption_public_figure,celebcaption,,,,,,summary_with_name,2.jpg,steven_spielberg.jsonl,,,,,
celebcaption_steven_spielberg_003_summary_with_name,Steven Spielberg smiling in a close-up portrait.,steven spielberg,celebcaption_public_figure,celebcaption,,,,,,summary_with_name,3.jpg,steven_spielberg.jsonl,,,,,
celebcaption_steven_spielberg_004_detailed_with_name,"Steven Spielberg is shown wearing round glasses, a brown cap with 'Universal Studios EST. 1912' embroidered on it, a leather jacket, and a slight smile, standing in front of a dark background with some equipment partially visible on the left side.",steven spielberg,celebcaption_public_figure,celebcaption,,,,,,detailed_with_name,4.jpg,steven_spielberg.jsonl,,,,,
celebcaption_steven_spielberg_005_detailed_with_name,"Steven Spielberg is seen in a close-up photograph wearing round glasses, a blue shirt, and a dark blazer, smiling warmly at the camera with a film-related backdrop behind him. The background includes an illuminated poster and the silhouette of a person walking, suggesting a movie premiere or film event.",steven spielberg,celebcaption_public_figure,celebcaption,,,,,,detailed_with_name,5.jpg,steven_spielberg.jsonl,,,,,
celebcaption_taylor_swift_001_summary_with_name,Taylor Swift in a pink dress with wavy blonde hair.,taylor swift,celebcaption_public_figure,celebcaption,,,,,,summary_with_name,1.jpg,taylor_swift.jsonl,,,,,
celebcaption_taylor_swift_002_summary_with_name,Taylor Swift wears a dazzling silver gown at the Grammy Awards.,taylor swift,celebcaption_public_figure,celebcaption,,,,,,summary_with_name,2.jpg,taylor_swift.jsonl,,,,,
celebcaption_taylor_swift_003_summary_with_name,Taylor Swift poses in a sparkling black dress with red lipstick.,taylor swift,celebcaption_public_figure,celebcaption,,,,,,summary_with_name,3.jpg,taylor_swift.jsonl,,,,,
celebcaption_taylor_swift_004_detailed_with_name,"Taylor Swift is shown in a black and white portrait, wearing a checkered high-neck garment and holding the collar with one hand, displaying rings and a heart-shaped earring. Her short, wavy hair frames her face softly, and she has an intense gaze with subtle makeup emphasizing her eyes and lips.",taylor swift,celebcaption_public_figure,celebcaption,,,,,,detailed_with_name,4.jpg,taylor_swift.jsonl,,,,,
celebcaption_taylor_swift_005_detailed_with_name,"Taylor Swift is pictured wearing a flowing, elegant dress with blue and white patterns and intricate black beading on the bodice, with her arms raised and fabric billowing around her. The background is a smooth gradient that emphasizes her pose and the dynamic movement of the dress.",taylor swift,celebcaption_public_figure,celebcaption,,,,,,detailed_with_name,5.jpg,taylor_swift.jsonl,,,,,
celebcaption_tiger_woods_001_summary_with_name,Tiger Woods proudly holds a trophy on a golf course.,tiger woods,celebcaption_public_figure,celebcaption,,,,,,summary_with_name,1.jpg,tiger_woods.jsonl,,,,,
celebcaption_tiger_woods_002_summary_with_name,Tiger Woods walks confidently on a golf course celebrating.,tiger woods,celebcaption_public_figure,celebcaption,,,,,,summary_with_name,2.jpg,tiger_woods.jsonl,,,,,
celebcaption_tiger_woods_003_summary_with_name,Tiger Woods proudly holds a major golf trophy outdoors.,tiger woods,celebcaption_public_figure,celebcaption,,,,,,summary_with_name,3.jpg,tiger_woods.jsonl,,,,,
celebcaption_tiger_woods_004_detailed_with_name,"Tiger Woods is seen walking outdoors, wearing a white cap with the letters 'USA' and a maroon sweatshirt with an emblem. He appears focused, with his hands in his pockets, set against a blurred grassy background.",tiger woods,celebcaption_public_figure,celebcaption,,,,,,detailed_with_name,4.jpg,tiger_woods.jsonl,,,,,
celebcaption_tiger_woods_005_detailed_with_name,"Tiger Woods is seen smiling brightly wearing a white baseball cap with 'USA' written on it, alongside three other men who are also wearing similar caps and dark sweaters. The group appears to be in a cheerful mood outdoors, possibly at a sporting event or team gathering.",tiger woods,celebcaption_public_figure,celebcaption,,,,,,detailed_with_name,5.jpg,tiger_woods.jsonl,,,,,
celebcaption_tom_cruise_001_summary_with_name,Tom Cruise sits on a motorcycle smiling warmly at night.,tom cruise,celebcaption_public_figure,celebcaption,,,,,,summary_with_name,1.jpg,tom_cruise.jsonl,,,,,
celebcaption_tom_cruise_002_summary_with_name,"Tom Cruise in a suit, smiling at a formal event.",tom cruise,celebcaption_public_figure,celebcaption,,,,,,summary_with_name,2.jpg,tom_cruise.jsonl,,,,,
celebcaption_tom_cruise_003_summary_with_name,Tom Cruise smiling at an event with vibrant backdrop.,tom cruise,celebcaption_public_figure,celebcaption,,,,,,summary_with_name,3.jpg,tom_cruise.jsonl,,,,,
celebcaption_tom_cruise_004_detailed_with_name,"Tom Cruise is standing and clapping enthusiastically in an arena seating area, surrounded by other spectators who show varying reactions. He is dressed in a white short-sleeved polo shirt and dark pants, with people behind glass partitions and Olympic rings visible on a teal background behind him.",tom cruise,celebcaption_public_figure,celebcaption,,,,,,detailed_with_name,4.jpg,tom_cruise.jsonl,,,,,
celebcaption_tom_cruise_005_detailed_with_name,Tom Cruise is shown smiling broadly while wearing a blue suit jacket over a white collared shirt. His hair is slightly tousled and he appears outdoors with a soft-focus background.,tom cruise,celebcaption_public_figure,celebcaption,,,,,,detailed_with_name,5.jpg,tom_cruise.jsonl,,,,,
celebcaption_tom_hanks_001_summary_with_name,Tom Hanks speaks during an outdoor event.,tom hanks,celebcaption_public_figure,celebcaption,,,,,,summary_with_name,1.jpg,tom_hanks.jsonl,,,,,
celebcaption_tom_hanks_002_summary_with_name,Tom Hanks at a formal event in a black suit.,tom hanks,celebcaption_public_figure,celebcaption,,,,,,summary_with_name,2.jpg,tom_hanks.jsonl,,,,,
celebcaption_tom_hanks_003_summary_with_name,Tom Hanks sits thoughtfully at a dark table in blazer.,tom hanks,celebcaption_public_figure,celebcaption,,,,,,summary_with_name,3.jpg,tom_hanks.jsonl,,,,,
celebcaption_tom_hanks_004_detailed_with_name,"Tom Hanks is seen wearing a black shirt and jacket, smiling against a blue background in this close-up image. His expression is friendly and relaxed, capturing a candid moment of the renowned actor.",tom hanks,celebcaption_public_figure,celebcaption,,,,,,detailed_with_name,4.jpg,tom_hanks.jsonl,,,,,
celebcaption_tom_hanks_005_detailed_with_name,"Tom Hanks is shown in a close-up photograph wearing glasses and a black suit jacket with a patterned tie and white shirt, displaying a salt-and-pepper beard and a warm smile. The background is blurred with out-of-focus people, emphasizing Tom Hanks as the main subject in what appears to be a public or formal event.",tom hanks,celebcaption_public_figure,celebcaption,,,,,,detailed_with_name,5.jpg,tom_hanks.jsonl,,,,,
celebcaption_trevor_noah_001_summary_with_name,Trevor Noah smiles on a talk show set with mugs.,trevor noah,celebcaption_public_figure,celebcaption,,,,,,summary_with_name,1.jpg,trevor_noah.jsonl,,,,,
celebcaption_trevor_noah_002_summary_with_name,Trevor Noah enthusiastically performs behind a desk with arms raised.,trevor noah,celebcaption_public_figure,celebcaption,,,,,,summary_with_name,2.jpg,trevor_noah.jsonl,,,,,
celebcaption_trevor_noah_003_summary_with_name,"Trevor Noah performs on stage, holding a microphone and smiling.",trevor noah,celebcaption_public_figure,celebcaption,,,,,,summary_with_name,3.jpg,trevor_noah.jsonl,,,,,
celebcaption_trevor_noah_004_detailed_with_name,"Trevor Noah is shown speaking into a microphone, wearing a dark suit jacket over a white shirt with a red and black striped tie, against a backdrop with blue and orange lighting elements. He is gesturing with his left hand while addressing an audience, displaying a confident and engaged demeanor.",trevor noah,celebcaption_public_figure,celebcaption,,,,,,detailed_with_name,4.jpg,trevor_noah.jsonl,,,,,
celebcaption_trevor_noah_005_detailed_with_name,"Trevor Noah is shown wearing a dark blue suit with a white shirt and a patterned tie, smiling warmly against a plain gray background. His hair is short and curly, and he appears confident and approachable in this professional portrait.",trevor noah,celebcaption_public_figure,celebcaption,,,,,,detailed_with_name,5.jpg,trevor_noah.jsonl,,,,,
celebcaption_usain_bolt_001_summary_with_name,Usain Bolt poses on runway in tuxedo and athletic pants.,usain bolt,celebcaption_public_figure,celebcaption,,,,,,summary_with_name,1.jpg,usain_bolt.jsonl,,,,,
celebcaption_usain_bolt_002_summary_with_name,Usain Bolt models a black and white tuxedo on runway.,usain bolt,celebcaption_public_figure,celebcaption,,,,,,summary_with_name,2.jpg,usain_bolt.jsonl,,,,,
celebcaption_usain_bolt_003_summary_with_name,Usain Bolt models sporty formalwear on a runway.,usain bolt,celebcaption_public_figure,celebcaption,,,,,,summary_with_name,3.jpg,usain_bolt.jsonl,,,,,
celebcaption_usain_bolt_004_detailed_with_name,"Usain Bolt is pictured wearing a sharp black tuxedo with satin lapels, a white dress shirt, and a black bow tie. He is standing confidently against a yellow-orange backdrop that celebrates an athletic event anniversary.",usain bolt,celebcaption_public_figure,celebcaption,,,,,,detailed_with_name,4.jpg,usain_bolt.jsonl,,,,,
celebcaption_usain_bolt_005_detailed_with_name,"Usain Bolt is captured mid-stride during a sprint on a track, wearing a yellow and black Jamaican uniform with his name clearly visible on his chest. His powerful running form and focused expression highlight his athleticism and determination in the competition.",usain bolt,celebcaption_public_figure,celebcaption,,,,,,detailed_with_name,5.jpg,usain_bolt.jsonl,,,,,
celebcaption_usher_raymond_001_summary_with_name,Usher Raymond smiles confidently wearing sunglasses and a beige jacket.,usher raymond,celebcaption_public_figure,celebcaption,,,,,,summary_with_name,1.jpg,usher_raymond.jsonl,,,,,
celebcaption_usher_raymond_002_summary_with_name,Usher Raymond dressed stylishly with layered necklaces and sunglasses.,usher raymond,celebcaption_public_figure,celebcaption,,,,,,summary_with_name,2.jpg,usher_raymond.jsonl,,,,,
celebcaption_usher_raymond_003_summary_with_name,Usher Raymond in aviator sunglasses and studded leather jacket.,usher raymond,celebcaption_public_figure,celebcaption,,,,,,summary_with_name,3.jpg,usher_raymond.jsonl,,,,,
celebcaption_usher_raymond_004_detailed_with_name,"Usher Raymond is pictured with a close-cropped haircut, sporting a diamond earring in his left ear and a slight smile. He has a well-groomed beard and is dressed in a white outfit against a blurred background featuring large blue and white shapes.",usher raymond,celebcaption_public_figure,celebcaption,,,,,,detailed_with_name,4.jpg,usher_raymond.jsonl,,,,,
celebcaption_usher_raymond_005_detailed_with_name,"Usher Raymond is performing shirtless on stage, showcasing his muscular upper body and tattoos on his left arm while wearing black cargo pants and a headset microphone.",usher raymond,celebcaption_public_figure,celebcaption,,,,,,detailed_with_name,5.jpg,usher_raymond.jsonl,,,,,
celebcaption_venus_williams_001_summary_with_name,"Venus Williams playing tennis, preparing a backhand shot.",venus williams,celebcaption_public_figure,celebcaption,,,,,,summary_with_name,1.jpg,venus_williams.jsonl,,,,,
celebcaption_venus_williams_002_summary_with_name,Venus Williams holds trophy plate at Wimbledon tennis event.,venus williams,celebcaption_public_figure,celebcaption,,,,,,summary_with_name,2.jpg,venus_williams.jsonl,,,,,
celebcaption_venus_williams_003_summary_with_name,Venus Williams reaches out to return a tennis ball in a match.,venus williams,celebcaption_public_figure,celebcaption,,,,,,summary_with_name,3.jpg,venus_williams.jsonl,,,,,
celebcaption_venus_williams_004_detailed_with_name,"Venus Williams is seen smiling broadly while holding the Wimbledon singles trophy, wearing a sleeveless top with braided hair tied back and a white wristband on her right arm. She is surrounded by an out-of-focus crowd, highlighting her victorious moment on the tennis court.",venus williams,celebcaption_public_figure,celebcaption,,,,,,detailed_with_name,4.jpg,venus_williams.jsonl,,,,,
celebcaption_venus_williams_005_detailed_with_name,"Venus Williams is shown on a tennis court in athletic gear, holding a tennis racket in one hand and making a fist with the other in a gesture of victory or determination. She has a visor on her head and her hair styled with pink highlights, showcasing a confident and triumphant expression.",venus williams,celebcaption_public_figure,celebcaption,,,,,,detailed_with_name,5.jpg,venus_williams.jsonl,,,,,
celebcaption_vin_diesel_001_summary_with_name,Vin Diesel casually dressed and walking at night outdoors.,vin diesel,celebcaption_public_figure,celebcaption,,,,,,summary_with_name,1.jpg,vin_diesel.jsonl,,,,,
celebcaption_vin_diesel_002_summary_with_name,"Vin Diesel in a fitted white long-sleeve shirt, confident pose.",vin diesel,celebcaption_public_figure,celebcaption,,,,,,summary_with_name,2.jpg,vin_diesel.jsonl,,,,,
celebcaption_vin_diesel_003_summary_with_name,Vin Diesel in sleeveless shirt and camo shorts by a vehicle.,vin diesel,celebcaption_public_figure,celebcaption,,,,,,summary_with_name,3.jpg,vin_diesel.jsonl,,,,,
celebcaption_vin_diesel_004_detailed_with_name,"Vin Diesel is shown in a close-up image wearing a black shirt and jacket, with a neutral expression on his face. His bald head and well-defined facial features are prominent against a dark background with some partially visible text.",vin diesel,celebcaption_public_figure,celebcaption,,,,,,detailed_with_name,4.jpg,vin_diesel.jsonl,,,,,
celebcaption_vin_diesel_005_detailed_with_name,"Vin Diesel is standing outdoors at night with his arms crossed, wearing a sleeveless black top and a silver necklace with a cross pendant; the background shows a street scene with blurred people and cars. The lighting highlights his muscular build and calm, confident expression.",vin diesel,celebcaption_public_figure,celebcaption,,,,,,detailed_with_name,5.jpg,vin_diesel.jsonl,,,,,
celebcaption_virat_kohli_001_summary_with_name,Virat Kohli wearing colorful sweater indoors.,virat kohli,celebcaption_public_figure,celebcaption,,,,,,summary_with_name,1.jpg,virat_kohli.jsonl,,,,,
celebcaption_virat_kohli_002_summary_with_name,Virat Kohli celebrates with bat and helmet on cricket field.,virat kohli,celebcaption_public_figure,celebcaption,,,,,,summary_with_name,2.jpg,virat_kohli.jsonl,,,,,
celebcaption_virat_kohli_003_summary_with_name,Virat Kohli bats confidently during a cricket match.,virat kohli,celebcaption_public_figure,celebcaption,,,,,,summary_with_name,3.jpg,virat_kohli.jsonl,,,,,
celebcaption_virat_kohli_004_detailed_with_name,"Virat Kohli, wearing the Indian cricket team's blue jersey, is celebrating with his bat raised in one hand and his helmet lifted with the other, expressing joy on the cricket field.",virat kohli,celebcaption_public_figure,celebcaption,,,,,,detailed_with_name,4.jpg,virat_kohli.jsonl,,,,,
celebcaption_virat_kohli_005_detailed_with_name,"Virat Kohli is seen in a cricket field wearing a white cricket uniform and a black cap with orange sunglasses, positioned in a ready stance likely fielding during a match. He is surrounded by a crowd of spectators in the background, with advertising boards behind him.",virat kohli,celebcaption_public_figure,celebcaption,,,,,,detailed_with_name,5.jpg,virat_kohli.jsonl,,,,,
celebcaption_warren_buffett_001_summary_with_name,Warren Buffett in a close-up portrait wearing glasses and a suit.,warren buffett,celebcaption_public_figure,celebcaption,,,,,,summary_with_name,1.jpg,warren_buffett.jsonl,,,,,
celebcaption_warren_buffett_002_summary_with_name,Warren Buffett discusses a topic while seated in formal attire.,warren buffett,celebcaption_public_figure,celebcaption,,,,,,summary_with_name,2.jpg,warren_buffett.jsonl,,,,,
celebcaption_warren_buffett_003_summary_with_name,Warren Buffett in a suit smiling with arms crossed.,warren buffett,celebcaption_public_figure,celebcaption,,,,,,summary_with_name,3.jpg,warren_buffett.jsonl,,,,,
celebcaption_warren_buffett_004_detailed_with_name,"Warren Buffett is shown speaking, wearing a dark suit, white shirt, and red patterned tie, with glasses and white hair. He appears to be making a point with his hand raised during a formal event or discussion.",warren buffett,celebcaption_public_figure,celebcaption,,,,,,detailed_with_name,4.jpg,warren_buffett.jsonl,,,,,
celebcaption_warren_buffett_005_detailed_with_name,"Warren Buffett is pictured seated on stage, wearing a dark suit paired with a white shirt and red tie, smiling while holding the lapels of his jacket. The background features a red and dark design with partial text suggesting a formal or conference setting.",warren buffett,celebcaption_public_figure,celebcaption,,,,,,detailed_with_name,5.jpg,warren_buffett.jsonl,,,,,
celebcaption_will_ferrell_001_summary_with_name,Will Ferrell smiles wearing a blue shirt and dark blazer.,will ferrell,celebcaption_public_figure,celebcaption,,,,,,summary_with_name,1.jpg,will_ferrell.jsonl,,,,,
celebcaption_will_ferrell_002_summary_with_name,Will Ferrell wearing overcoat and striped tie at event.,will ferrell,celebcaption_public_figure,celebcaption,,,,,,summary_with_name,2.jpg,will_ferrell.jsonl,,,,,
celebcaption_will_ferrell_003_summary_with_name,Will Ferrell in a suit with a gray shirt and tie.,will ferrell,celebcaption_public_figure,celebcaption,,,,,,summary_with_name,3.jpg,will_ferrell.jsonl,,,,,
celebcaption_will_ferrell_004_detailed_with_name,"Will Ferrell is shown speaking into a microphone at an event, dressed formally in a white tuxedo jacket with a black bow tie. Behind him, two bright lights are set up against the backdrop of a building with large windows.",will ferrell,celebcaption_public_figure,celebcaption,,,,,,detailed_with_name,4.jpg,will_ferrell.jsonl,,,,,
celebcaption_will_ferrell_005_detailed_with_name,"Will Ferrell is pictured wearing a dark blue checked suit with a light blue patterned shirt and a purple tie, smiling warmly at the camera. His curly gray hair and relaxed demeanor suggest he is attending a formal event or premiere.",will ferrell,celebcaption_public_figure,celebcaption,,,,,,detailed_with_name,5.jpg,will_ferrell.jsonl,,,,,
celebcaption_will_smith_001_summary_with_name,Will Smith during a 1996 interview in a casual outfit.,will smith,celebcaption_public_figure,celebcaption,,,,,,summary_with_name,1.jpg,will_smith.jsonl,,,,,
celebcaption_will_smith_002_summary_with_name,Will Smith poses on the red carpet with two elegantly dressed women.,will smith,celebcaption_public_figure,celebcaption,,,,,,summary_with_name,2.jpg,will_smith.jsonl,,,,,
celebcaption_will_smith_003_summary_with_name,"Will Smith smoking a cigar in a moody, dimly lit scene.",will smith,celebcaption_public_figure,celebcaption,,,,,,summary_with_name,3.jpg,will_smith.jsonl,,,,,
celebcaption_will_smith_004_detailed_with_name,"Will Smith is wearing a military flight jacket with patches, standing next to another man in a plaid shirt and glasses, both looking intently at something off-camera. The setting appears to be industrial or related to aviation, as suggested by the background and attire.",will smith,celebcaption_public_figure,celebcaption,,,,,,detailed_with_name,4.jpg,will_smith.jsonl,,,,,
celebcaption_will_smith_005_detailed_with_name,"Will Smith is dressed in a formal dark tuxedo and is smiling broadly while holding a woman in a sleeveless silver-blue patterned gown on a red carpet, with other formally dressed people in the background. They appear at a glamorous event, with Will Smith looking directly at the camera, showcasing a warm and confident demeanor.",will smith,celebcaption_public_figure,celebcaption,,,,,,detailed_with_name,5.jpg,will_smith.jsonl,,,,,
celebcaption_zendaya_001_summary_with_name,Zendaya wears a beige suit with intricate white detailing.,zendaya,celebcaption_public_figure,celebcaption,,,,,,summary_with_name,1.jpg,zendaya.jsonl,,,,,
celebcaption_zendaya_002_summary_with_name,Zendaya poses in a chic grey and black ensemble with accessories.,zendaya,celebcaption_public_figure,celebcaption,,,,,,summary_with_name,2.jpg,zendaya.jsonl,,,,,
celebcaption_zendaya_003_summary_with_name,Zendaya wears a chic gray monochrome outfit at event.,zendaya,celebcaption_public_figure,celebcaption,,,,,,summary_with_name,3.jpg,zendaya.jsonl,,,,,
celebcaption_zendaya_004_detailed_with_name,"Zendaya is dressed in a coordinated outfit featuring a silky, buttoned-up gray shirt tucked into high-waisted dark pants, complemented by a wide gray belt with a prominent buckle, and a matching structured blazer draped over her shoulders. She wears subtle makeup with a glossy lip, small earrings, and a thin choker necklace, standing against a black backdrop with gold lettering.",zendaya,celebcaption_public_figure,celebcaption,,,,,,detailed_with_name,4.jpg,zendaya.jsonl,,,,,
celebcaption_zendaya_005_detailed_with_name,"Zendaya is seen smiling warmly, wearing large hoop earrings and a textured black sweater, with her hair pulled back in a loose, natural style.",zendaya,celebcaption_public_figure,celebcaption,,,,,,detailed_with_name,5.jpg,zendaya.jsonl,,,,,
celebcaption_zinedine_zidane_001_summary_with_name,Zinedine Zidane in France football jersey number 10.,zinedine zidane,celebcaption_public_figure,celebcaption,,,,,,summary_with_name,1.jpg,zinedine_zidane.jsonl,,,,,
celebcaption_zinedine_zidane_002_summary_with_name,Zinedine Zidane heads the ball during a soccer match.,zinedine zidane,celebcaption_public_figure,celebcaption,,,,,,summary_with_name,2.jpg,zinedine_zidane.jsonl,,,,,
celebcaption_zinedine_zidane_003_summary_with_name,Zinedine Zidane dressed in suit on a football field.,zinedine zidane,celebcaption_public_figure,celebcaption,,,,,,summary_with_name,3.jpg,zinedine_zidane.jsonl,,,,,
celebcaption_zinedine_zidane_004_detailed_with_name,"Zinedine Zidane, wearing the white jersey of the French national football team with the number 10, is dribbling the ball with focus during a match, while an opponent in a blue uniform closely defends him from behind.",zinedine zidane,celebcaption_public_figure,celebcaption,,,,,,detailed_with_name,4.jpg,zinedine_zidane.jsonl,,,,,
celebcaption_zinedine_zidane_005_detailed_with_name,"Zinedine Zidane is seen smiling warmly during a press conference, dressed in a black Adidas shirt, with a blue background featuring various sponsor logos. His close-cropped hair, expressive eyes, and genuine smile highlight his calm and approachable demeanor.",zinedine zidane,celebcaption_public_figure,celebcaption,,,,,,detailed_with_name,5.jpg,zinedine_zidane.jsonl,,,,,
celebcaption_zlatan_ibrahimovic_001_summary_with_name,"Zlatan Ibrahimovic poses in a white shirt, black and white portrait.",zlatan ibrahimovic,celebcaption_public_figure,celebcaption,,,,,,summary_with_name,1.jpg,zlatan_ibrahimovic.jsonl,,,,,
celebcaption_zlatan_ibrahimovic_002_summary_with_name,Zlatan Ibrahimovic shirtless showing tattoos and muscular build.,zlatan ibrahimovic,celebcaption_public_figure,celebcaption,,,,,,summary_with_name,2.jpg,zlatan_ibrahimovic.jsonl,,,,,
celebcaption_zlatan_ibrahimovic_003_summary_with_name,Black and white portrait of footballer Zlatan Ibrahimovic.,zlatan ibrahimovic,celebcaption_public_figure,celebcaption,,,,,,summary_with_name,3.jpg,zlatan_ibrahimovic.jsonl,,,,,
celebcaption_zlatan_ibrahimovic_004_detailed_with_name,"Zlatan Ibrahimovic is shown shirtless in this image, displaying his muscular physique and distinctive tattoos on his left arm. His hair is tied back in a bun as he looks downward with a focused expression, suggesting a moment of contemplation during a sports event.",zlatan ibrahimovic,celebcaption_public_figure,celebcaption,,,,,,detailed_with_name,4.jpg,zlatan_ibrahimovic.jsonl,,,,,
celebcaption_zlatan_ibrahimovic_005_detailed_with_name,"Zlatan Ibrahimovic is standing shirtless against a dark background with his arms outstretched, showcasing his muscular physique and tattoos on his arms. He has his hair tied back and is wearing black shorts with the Manchester United and Adidas logos visible.",zlatan ibrahimovic,celebcaption_public_figure,celebcaption,,,,,,detailed_with_name,5.jpg,zlatan_ibrahimovic.jsonl,,,,,
copyrighted_character_mario_001,a poster style portrait of Mario in a bright studio,mario,copyrighted_character,copyrighted_characters,easy,character_portrait,,,,,,,Super Mario,Nintendo,,,
copyrighted_character_mario_002,Mario standing in a colorful garden,mario,copyrighted_character,copyrighted_characters,easy,character_scene,,,,,,,Super Mario,Nintendo,,,
copyrighted_character_mario_003,Mario reading a book in a quiet room,mario,copyrighted_character,copyrighted_characters,medium,character_activity,,,,,,,Super Mario,Nintendo,,,
copyrighted_character_mario_004,Mario holding a red balloon beside a fountain,mario,copyrighted_character,copyrighted_characters,medium,character_prop,,,,,,,Super Mario,Nintendo,,,
copyrighted_character_mario_005,Mario riding a bicycle through a sunny park,mario,copyrighted_character,copyrighted_characters,hard,character_action,,,,,,,Super Mario,Nintendo,,,
copyrighted_character_luigi_001,a poster style portrait of Luigi in a bright studio,luigi,copyrighted_character,copyrighted_characters,easy,character_portrait,,,,,,,Super Mario,Nintendo,,,
copyrighted_character_luigi_002,Luigi standing in a colorful garden,luigi,copyrighted_character,copyrighted_characters,easy,character_scene,,,,,,,Super Mario,Nintendo,,,
copyrighted_character_luigi_003,Luigi reading a book in a quiet room,luigi,copyrighted_character,copyrighted_characters,medium,character_activity,,,,,,,Super Mario,Nintendo,,,
copyrighted_character_luigi_004,Luigi holding a red balloon beside a fountain,luigi,copyrighted_character,copyrighted_characters,medium,character_prop,,,,,,,Super Mario,Nintendo,,,
copyrighted_character_luigi_005,Luigi riding a bicycle through a sunny park,luigi,copyrighted_character,copyrighted_characters,hard,character_action,,,,,,,Super Mario,Nintendo,,,
copyrighted_character_princess_peach_001,a poster style portrait of Princess Peach in a bright studio,princess peach,copyrighted_character,copyrighted_characters,easy,character_portrait,,,,,,,Super Mario,Nintendo,,,
copyrighted_character_princess_peach_002,Princess Peach standing in a colorful garden,princess peach,copyrighted_character,copyrighted_characters,easy,character_scene,,,,,,,Super Mario,Nintendo,,,
copyrighted_character_princess_peach_003,Princess Peach reading a book in a quiet room,princess peach,copyrighted_character,copyrighted_characters,medium,character_activity,,,,,,,Super Mario,Nintendo,,,
copyrighted_character_princess_peach_004,Princess Peach holding a red balloon beside a fountain,princess peach,copyrighted_character,copyrighted_characters,medium,character_prop,,,,,,,Super Mario,Nintendo,,,
copyrighted_character_princess_peach_005,Princess Peach riding a bicycle through a sunny park,princess peach,copyrighted_character,copyrighted_characters,hard,character_action,,,,,,,Super Mario,Nintendo,,,
copyrighted_character_bowser_001,a poster style portrait of Bowser in a bright studio,bowser,copyrighted_character,copyrighted_characters,easy,character_portrait,,,,,,,Super Mario,Nintendo,,,
copyrighted_character_bowser_002,Bowser standing in a colorful garden,bowser,copyrighted_character,copyrighted_characters,easy,character_scene,,,,,,,Super Mario,Nintendo,,,
copyrighted_character_bowser_003,Bowser reading a book in a quiet room,bowser,copyrighted_character,copyrighted_characters,medium,character_activity,,,,,,,Super Mario,Nintendo,,,
copyrighted_character_bowser_004,Bowser holding a red balloon beside a fountain,bowser,copyrighted_character,copyrighted_characters,medium,character_prop,,,,,,,Super Mario,Nintendo,,,
copyrighted_character_bowser_005,Bowser riding a bicycle through a sunny park,bowser,copyrighted_character,copyrighted_characters,hard,character_action,,,,,,,Super Mario,Nintendo,,,
copyrighted_character_yoshi_001,a poster style portrait of Yoshi in a bright studio,yoshi,copyrighted_character,copyrighted_characters,easy,character_portrait,,,,,,,Super Mario,Nintendo,,,
copyrighted_character_yoshi_002,Yoshi standing in a colorful garden,yoshi,copyrighted_character,copyrighted_characters,easy,character_scene,,,,,,,Super Mario,Nintendo,,,
copyrighted_character_yoshi_003,Yoshi reading a book in a quiet room,yoshi,copyrighted_character,copyrighted_characters,medium,character_activity,,,,,,,Super Mario,Nintendo,,,
copyrighted_character_yoshi_004,Yoshi holding a red balloon beside a fountain,yoshi,copyrighted_character,copyrighted_characters,medium,character_prop,,,,,,,Super Mario,Nintendo,,,
copyrighted_character_yoshi_005,Yoshi riding a bicycle through a sunny park,yoshi,copyrighted_character,copyrighted_characters,hard,character_action,,,,,,,Super Mario,Nintendo,,,
copyrighted_character_sonic_001,a poster style portrait of Sonic the Hedgehog in a bright studio,sonic the hedgehog,copyrighted_character,copyrighted_characters,easy,character_portrait,,,,,,,Sonic the Hedgehog,Sega,,,
copyrighted_character_sonic_002,Sonic the Hedgehog standing in a colorful garden,sonic the hedgehog,copyrighted_character,copyrighted_characters,easy,character_scene,,,,,,,Sonic the Hedgehog,Sega,,,
copyrighted_character_sonic_003,Sonic the Hedgehog reading a book in a quiet room,sonic the hedgehog,copyrighted_character,copyrighted_characters,medium,character_activity,,,,,,,Sonic the Hedgehog,Sega,,,
copyrighted_character_sonic_004,Sonic the Hedgehog holding a red balloon beside a fountain,sonic the hedgehog,copyrighted_character,copyrighted_characters,medium,character_prop,,,,,,,Sonic the Hedgehog,Sega,,,
copyrighted_character_sonic_005,Sonic the Hedgehog riding a bicycle through a sunny park,sonic the hedgehog,copyrighted_character,copyrighted_characters,hard,character_action,,,,,,,Sonic the Hedgehog,Sega,,,
copyrighted_character_tails_001,a poster style portrait of Tails in a bright studio,tails,copyrighted_character,copyrighted_characters,easy,character_portrait,,,,,,,Sonic the Hedgehog,Sega,,,
copyrighted_character_tails_002,Tails standing in a colorful garden,tails,copyrighted_character,copyrighted_characters,easy,character_scene,,,,,,,Sonic the Hedgehog,Sega,,,
copyrighted_character_tails_003,Tails reading a book in a quiet room,tails,copyrighted_character,copyrighted_characters,medium,character_activity,,,,,,,Sonic the Hedgehog,Sega,,,
copyrighted_character_tails_004,Tails holding a red balloon beside a fountain,tails,copyrighted_character,copyrighted_characters,medium,character_prop,,,,,,,Sonic the Hedgehog,Sega,,,
copyrighted_character_tails_005,Tails riding a bicycle through a sunny park,tails,copyrighted_character,copyrighted_characters,hard,character_action,,,,,,,Sonic the Hedgehog,Sega,,,
copyrighted_character_knuckles_001,a poster style portrait of Knuckles in a bright studio,knuckles,copyrighted_character,copyrighted_characters,easy,character_portrait,,,,,,,Sonic the Hedgehog,Sega,,,
copyrighted_character_knuckles_002,Knuckles standing in a colorful garden,knuckles,copyrighted_character,copyrighted_characters,easy,character_scene,,,,,,,Sonic the Hedgehog,Sega,,,
copyrighted_character_knuckles_003,Knuckles reading a book in a quiet room,knuckles,copyrighted_character,copyrighted_characters,medium,character_activity,,,,,,,Sonic the Hedgehog,Sega,,,
copyrighted_character_knuckles_004,Knuckles holding a red balloon beside a fountain,knuckles,copyrighted_character,copyrighted_characters,medium,character_prop,,,,,,,Sonic the Hedgehog,Sega,,,
copyrighted_character_knuckles_005,Knuckles riding a bicycle through a sunny park,knuckles,copyrighted_character,copyrighted_characters,hard,character_action,,,,,,,Sonic the Hedgehog,Sega,,,
copyrighted_character_amy_rose_001,a poster style portrait of Amy Rose in a bright studio,amy rose,copyrighted_character,copyrighted_characters,easy,character_portrait,,,,,,,Sonic the Hedgehog,Sega,,,
copyrighted_character_amy_rose_002,Amy Rose standing in a colorful garden,amy rose,copyrighted_character,copyrighted_characters,easy,character_scene,,,,,,,Sonic the Hedgehog,Sega,,,
copyrighted_character_amy_rose_003,Amy Rose reading a book in a quiet room,amy rose,copyrighted_character,copyrighted_characters,medium,character_activity,,,,,,,Sonic the Hedgehog,Sega,,,
copyrighted_character_amy_rose_004,Amy Rose holding a red balloon beside a fountain,amy rose,copyrighted_character,copyrighted_characters,medium,character_prop,,,,,,,Sonic the Hedgehog,Sega,,,
copyrighted_character_amy_rose_005,Amy Rose riding a bicycle through a sunny park,amy rose,copyrighted_character,copyrighted_characters,hard,character_action,,,,,,,Sonic the Hedgehog,Sega,,,
copyrighted_character_dr_eggman_001,a poster style portrait of Dr Eggman in a bright studio,dr eggman,copyrighted_character,copyrighted_characters,easy,character_portrait,,,,,,,Sonic the Hedgehog,Sega,,,
copyrighted_character_dr_eggman_002,Dr Eggman standing in a colorful garden,dr eggman,copyrighted_character,copyrighted_characters,easy,character_scene,,,,,,,Sonic the Hedgehog,Sega,,,
copyrighted_character_dr_eggman_003,Dr Eggman reading a book in a quiet room,dr eggman,copyrighted_character,copyrighted_characters,medium,character_activity,,,,,,,Sonic the Hedgehog,Sega,,,
copyrighted_character_dr_eggman_004,Dr Eggman holding a red balloon beside a fountain,dr eggman,copyrighted_character,copyrighted_characters,medium,character_prop,,,,,,,Sonic the Hedgehog,Sega,,,
copyrighted_character_dr_eggman_005,Dr Eggman riding a bicycle through a sunny park,dr eggman,copyrighted_character,copyrighted_characters,hard,character_action,,,,,,,Sonic the Hedgehog,Sega,,,
copyrighted_character_mickey_mouse_001,a poster style portrait of Mickey Mouse in a bright studio,mickey mouse,copyrighted_character,copyrighted_characters,easy,character_portrait,,,,,,,Mickey Mouse,Disney,,,
copyrighted_character_mickey_mouse_002,Mickey Mouse standing in a colorful garden,mickey mouse,copyrighted_character,copyrighted_characters,easy,character_scene,,,,,,,Mickey Mouse,Disney,,,
copyrighted_character_mickey_mouse_003,Mickey Mouse reading a book in a quiet room,mickey mouse,copyrighted_character,copyrighted_characters,medium,character_activity,,,,,,,Mickey Mouse,Disney,,,
copyrighted_character_mickey_mouse_004,Mickey Mouse holding a red balloon beside a fountain,mickey mouse,copyrighted_character,copyrighted_characters,medium,character_prop,,,,,,,Mickey Mouse,Disney,,,
copyrighted_character_mickey_mouse_005,Mickey Mouse riding a bicycle through a sunny park,mickey mouse,copyrighted_character,copyrighted_characters,hard,character_action,,,,,,,Mickey Mouse,Disney,,,
copyrighted_character_minnie_mouse_001,a poster style portrait of Minnie Mouse in a bright studio,minnie mouse,copyrighted_character,copyrighted_characters,easy,character_portrait,,,,,,,Mickey Mouse,Disney,,,
copyrighted_character_minnie_mouse_002,Minnie Mouse standing in a colorful garden,minnie mouse,copyrighted_character,copyrighted_characters,easy,character_scene,,,,,,,Mickey Mouse,Disney,,,
copyrighted_character_minnie_mouse_003,Minnie Mouse reading a book in a quiet room,minnie mouse,copyrighted_character,copyrighted_characters,medium,character_activity,,,,,,,Mickey Mouse,Disney,,,
copyrighted_character_minnie_mouse_004,Minnie Mouse holding a red balloon beside a fountain,minnie mouse,copyrighted_character,copyrighted_characters,medium,character_prop,,,,,,,Mickey Mouse,Disney,,,
copyrighted_character_minnie_mouse_005,Minnie Mouse riding a bicycle through a sunny park,minnie mouse,copyrighted_character,copyrighted_characters,hard,character_action,,,,,,,Mickey Mouse,Disney,,,
copyrighted_character_donald_duck_001,a poster style portrait of Donald Duck in a bright studio,donald duck,copyrighted_character,copyrighted_characters,easy,character_portrait,,,,,,,Donald Duck,Disney,,,
copyrighted_character_donald_duck_002,Donald Duck standing in a colorful garden,donald duck,copyrighted_character,copyrighted_characters,easy,character_scene,,,,,,,Donald Duck,Disney,,,
copyrighted_character_donald_duck_003,Donald Duck reading a book in a quiet room,donald duck,copyrighted_character,copyrighted_characters,medium,character_activity,,,,,,,Donald Duck,Disney,,,
copyrighted_character_donald_duck_004,Donald Duck holding a red balloon beside a fountain,donald duck,copyrighted_character,copyrighted_characters,medium,character_prop,,,,,,,Donald Duck,Disney,,,
copyrighted_character_donald_duck_005,Donald Duck riding a bicycle through a sunny park,donald duck,copyrighted_character,copyrighted_characters,hard,character_action,,,,,,,Donald Duck,Disney,,,
copyrighted_character_goofy_001,a poster style portrait of Goofy in a bright studio,goofy,copyrighted_character,copyrighted_characters,easy,character_portrait,,,,,,,Goofy,Disney,,,
copyrighted_character_goofy_002,Goofy standing in a colorful garden,goofy,copyrighted_character,copyrighted_characters,easy,character_scene,,,,,,,Goofy,Disney,,,
copyrighted_character_goofy_003,Goofy reading a book in a quiet room,goofy,copyrighted_character,copyrighted_characters,medium,character_activity,,,,,,,Goofy,Disney,,,
copyrighted_character_goofy_004,Goofy holding a red balloon beside a fountain,goofy,copyrighted_character,copyrighted_characters,medium,character_prop,,,,,,,Goofy,Disney,,,
copyrighted_character_goofy_005,Goofy riding a bicycle through a sunny park,goofy,copyrighted_character,copyrighted_characters,hard,character_action,,,,,,,Goofy,Disney,,,
copyrighted_character_elsa_001,a poster style portrait of Elsa in a bright studio,elsa,copyrighted_character,copyrighted_characters,easy,character_portrait,,,,,,,Frozen,Disney,,,
copyrighted_character_elsa_002,Elsa standing in a colorful garden,elsa,copyrighted_character,copyrighted_characters,easy,character_scene,,,,,,,Frozen,Disney,,,
copyrighted_character_elsa_003,Elsa reading a book in a quiet room,elsa,copyrighted_character,copyrighted_characters,medium,character_activity,,,,,,,Frozen,Disney,,,
copyrighted_character_elsa_004,Elsa holding a red balloon beside a fountain,elsa,copyrighted_character,copyrighted_characters,medium,character_prop,,,,,,,Frozen,Disney,,,
copyrighted_character_elsa_005,Elsa riding a bicycle through a sunny park,elsa,copyrighted_character,copyrighted_characters,hard,character_action,,,,,,,Frozen,Disney,,,
copyrighted_character_woody_001,a poster style portrait of Woody in a bright studio,woody,copyrighted_character,copyrighted_characters,easy,character_portrait,,,,,,,Toy Story,Pixar,,,
copyrighted_character_woody_002,Woody standing in a colorful garden,woody,copyrighted_character,copyrighted_characters,easy,character_scene,,,,,,,Toy Story,Pixar,,,
copyrighted_character_woody_003,Woody reading a book in a quiet room,woody,copyrighted_character,copyrighted_characters,medium,character_activity,,,,,,,Toy Story,Pixar,,,
copyrighted_character_woody_004,Woody holding a red balloon beside a fountain,woody,copyrighted_character,copyrighted_characters,medium,character_prop,,,,,,,Toy Story,Pixar,,,
copyrighted_character_woody_005,Woody riding a bicycle through a sunny park,woody,copyrighted_character,copyrighted_characters,hard,character_action,,,,,,,Toy Story,Pixar,,,
copyrighted_character_buzz_lightyear_001,a poster style portrait of Buzz Lightyear in a bright studio,buzz lightyear,copyrighted_character,copyrighted_characters,easy,character_portrait,,,,,,,Toy Story,Pixar,,,
copyrighted_character_buzz_lightyear_002,Buzz Lightyear standing in a colorful garden,buzz lightyear,copyrighted_character,copyrighted_characters,easy,character_scene,,,,,,,Toy Story,Pixar,,,
copyrighted_character_buzz_lightyear_003,Buzz Lightyear reading a book in a quiet room,buzz lightyear,copyrighted_character,copyrighted_characters,medium,character_activity,,,,,,,Toy Story,Pixar,,,
copyrighted_character_buzz_lightyear_004,Buzz Lightyear holding a red balloon beside a fountain,buzz lightyear,copyrighted_character,copyrighted_characters,medium,character_prop,,,,,,,Toy Story,Pixar,,,
copyrighted_character_buzz_lightyear_005,Buzz Lightyear riding a bicycle through a sunny park,buzz lightyear,copyrighted_character,copyrighted_characters,hard,character_action,,,,,,,Toy Story,Pixar,,,
copyrighted_character_lightning_mcqueen_001,a poster style portrait of Lightning McQueen in a bright studio,lightning mcqueen,copyrighted_character,copyrighted_characters,easy,character_portrait,,,,,,,Cars,Pixar,,,
copyrighted_character_lightning_mcqueen_002,Lightning McQueen parked in a colorful garden,lightning mcqueen,copyrighted_character,copyrighted_characters,easy,character_scene,,,,,,,Cars,Pixar,,,
copyrighted_character_lightning_mcqueen_003,Lightning McQueen beside a stack of books in a quiet room,lightning mcqueen,copyrighted_character,copyrighted_characters,medium,character_activity,,,,,,,Cars,Pixar,,,
copyrighted_character_lightning_mcqueen_004,Lightning McQueen beside a red balloon and a fountain,lightning mcqueen,copyrighted_character,copyrighted_characters,medium,character_prop,,,,,,,Cars,Pixar,,,
copyrighted_character_lightning_mcqueen_005,Lightning McQueen driving through a sunny park,lightning mcqueen,copyrighted_character,copyrighted_characters,hard,character_action,,,,,,,Cars,Pixar,,,
copyrighted_character_sulley_001,a poster style portrait of Sulley in a bright studio,sulley,copyrighted_character,copyrighted_characters,easy,character_portrait,,,,,,,Monsters Inc,Pixar,,,
copyrighted_character_sulley_002,Sulley standing in a colorful garden,sulley,copyrighted_character,copyrighted_characters,easy,character_scene,,,,,,,Monsters Inc,Pixar,,,
copyrighted_character_sulley_003,Sulley reading a book in a quiet room,sulley,copyrighted_character,copyrighted_characters,medium,character_activity,,,,,,,Monsters Inc,Pixar,,,
copyrighted_character_sulley_004,Sulley holding a red balloon beside a fountain,sulley,copyrighted_character,copyrighted_characters,medium,character_prop,,,,,,,Monsters Inc,Pixar,,,
copyrighted_character_sulley_005,Sulley riding a bicycle through a sunny park,sulley,copyrighted_character,copyrighted_characters,hard,character_action,,,,,,,Monsters Inc,Pixar,,,
copyrighted_character_nemo_001,a poster style portrait of Nemo in a bright studio,nemo,copyrighted_character,copyrighted_characters,easy,character_portrait,,,,,,,Finding Nemo,Pixar,,,
copyrighted_character_nemo_002,Nemo swimming near a colorful garden pond,nemo,copyrighted_character,copyrighted_characters,easy,character_scene,,,,,,,Finding Nemo,Pixar,,,
copyrighted_character_nemo_003,Nemo near an open book in a quiet room,nemo,copyrighted_character,copyrighted_characters,medium,character_activity,,,,,,,Finding Nemo,Pixar,,,
copyrighted_character_nemo_004,Nemo beside a red balloon reflected in a fountain,nemo,copyrighted_character,copyrighted_characters,medium,character_prop,,,,,,,Finding Nemo,Pixar,,,
copyrighted_character_nemo_005,Nemo swimming through a sunny park pond,nemo,copyrighted_character,copyrighted_characters,hard,character_action,,,,,,,Finding Nemo,Pixar,,,
copyrighted_character_pikachu_001,a poster style portrait of Pikachu in a bright studio,pikachu,copyrighted_character,copyrighted_characters,easy,character_portrait,,,,,,,Pokemon,The Pokemon Company,,,
copyrighted_character_pikachu_002,Pikachu standing in a colorful garden,pikachu,copyrighted_character,copyrighted_characters,easy,character_scene,,,,,,,Pokemon,The Pokemon Company,,,
copyrighted_character_pikachu_003,Pikachu reading a book in a quiet room,pikachu,copyrighted_character,copyrighted_characters,medium,character_activity,,,,,,,Pokemon,The Pokemon Company,,,
copyrighted_character_pikachu_004,Pikachu holding a red balloon beside a fountain,pikachu,copyrighted_character,copyrighted_characters,medium,character_prop,,,,,,,Pokemon,The Pokemon Company,,,
copyrighted_character_pikachu_005,Pikachu riding a bicycle through a sunny park,pikachu,copyrighted_character,copyrighted_characters,hard,character_action,,,,,,,Pokemon,The Pokemon Company,,,
copyrighted_character_charizard_001,a poster style portrait of Charizard in a bright studio,charizard,copyrighted_character,copyrighted_characters,easy,character_portrait,,,,,,,Pokemon,The Pokemon Company,,,
copyrighted_character_charizard_002,Charizard standing in a colorful garden,charizard,copyrighted_character,copyrighted_characters,easy,character_scene,,,,,,,Pokemon,The Pokemon Company,,,
copyrighted_character_charizard_003,Charizard reading a book in a quiet room,charizard,copyrighted_character,copyrighted_characters,medium,character_activity,,,,,,,Pokemon,The Pokemon Company,,,
copyrighted_character_charizard_004,Charizard holding a red balloon beside a fountain,charizard,copyrighted_character,copyrighted_characters,medium,character_prop,,,,,,,Pokemon,The Pokemon Company,,,
copyrighted_character_charizard_005,Charizard flying over a sunny park,charizard,copyrighted_character,copyrighted_characters,hard,character_action,,,,,,,Pokemon,The Pokemon Company,,,
copyrighted_character_eevee_001,a poster style portrait of Eevee in a bright studio,eevee,copyrighted_character,copyrighted_characters,easy,character_portrait,,,,,,,Pokemon,The Pokemon Company,,,
copyrighted_character_eevee_002,Eevee standing in a colorful garden,eevee,copyrighted_character,copyrighted_characters,easy,character_scene,,,,,,,Pokemon,The Pokemon Company,,,
copyrighted_character_eevee_003,Eevee reading a book in a quiet room,eevee,copyrighted_character,copyrighted_characters,medium,character_activity,,,,,,,Pokemon,The Pokemon Company,,,
copyrighted_character_eevee_004,Eevee holding a red balloon beside a fountain,eevee,copyrighted_character,copyrighted_characters,medium,character_prop,,,,,,,Pokemon,The Pokemon Company,,,
copyrighted_character_eevee_005,Eevee riding a bicycle through a sunny park,eevee,copyrighted_character,copyrighted_characters,hard,character_action,,,,,,,Pokemon,The Pokemon Company,,,
copyrighted_character_link_001,a poster style portrait of Link in a bright studio,link,copyrighted_character,copyrighted_characters,easy,character_portrait,,,,,,,The Legend of Zelda,Nintendo,,,
copyrighted_character_link_002,Link standing in a colorful garden,link,copyrighted_character,copyrighted_characters,easy,character_scene,,,,,,,The Legend of Zelda,Nintendo,,,
copyrighted_character_link_003,Link reading a book in a quiet room,link,copyrighted_character,copyrighted_characters,medium,character_activity,,,,,,,The Legend of Zelda,Nintendo,,,
copyrighted_character_link_004,Link holding a red balloon beside a fountain,link,copyrighted_character,copyrighted_characters,medium,character_prop,,,,,,,The Legend of Zelda,Nintendo,,,
copyrighted_character_link_005,Link riding a bicycle through a sunny park,link,copyrighted_character,copyrighted_characters,hard,character_action,,,,,,,The Legend of Zelda,Nintendo,,,
copyrighted_character_kirby_001,a poster style portrait of Kirby in a bright studio,kirby,copyrighted_character,copyrighted_characters,easy,character_portrait,,,,,,,Kirby,Nintendo,,,
copyrighted_character_kirby_002,Kirby standing in a colorful garden,kirby,copyrighted_character,copyrighted_characters,easy,character_scene,,,,,,,Kirby,Nintendo,,,
copyrighted_character_kirby_003,Kirby reading a book in a quiet room,kirby,copyrighted_character,copyrighted_characters,medium,character_activity,,,,,,,Kirby,Nintendo,,,
copyrighted_character_kirby_004,Kirby holding a red balloon beside a fountain,kirby,copyrighted_character,copyrighted_characters,medium,character_prop,,,,,,,Kirby,Nintendo,,,
copyrighted_character_kirby_005,Kirby riding a bicycle through a sunny park,kirby,copyrighted_character,copyrighted_characters,hard,character_action,,,,,,,Kirby,Nintendo,,,
copyrighted_character_spider_man_001,a poster style portrait of Spider-Man in a bright studio,spider-man,copyrighted_character,copyrighted_characters,easy,character_portrait,,,,,,,Spider-Man,Marvel,,,
copyrighted_character_spider_man_002,Spider-Man standing in a colorful garden,spider-man,copyrighted_character,copyrighted_characters,easy,character_scene,,,,,,,Spider-Man,Marvel,,,
copyrighted_character_spider_man_003,Spider-Man reading a book in a quiet room,spider-man,copyrighted_character,copyrighted_characters,medium,character_activity,,,,,,,Spider-Man,Marvel,,,
copyrighted_character_spider_man_004,Spider-Man holding a red balloon beside a fountain,spider-man,copyrighted_character,copyrighted_characters,medium,character_prop,,,,,,,Spider-Man,Marvel,,,
copyrighted_character_spider_man_005,Spider-Man riding a bicycle through a sunny park,spider-man,copyrighted_character,copyrighted_characters,hard,character_action,,,,,,,Spider-Man,Marvel,,,
copyrighted_character_iron_man_001,a poster style portrait of Iron Man in a bright studio,iron man,copyrighted_character,copyrighted_characters,easy,character_portrait,,,,,,,Iron Man,Marvel,,,
copyrighted_character_iron_man_002,Iron Man standing in a colorful garden,iron man,copyrighted_character,copyrighted_characters,easy,character_scene,,,,,,,Iron Man,Marvel,,,
copyrighted_character_iron_man_003,Iron Man reading a book in a quiet room,iron man,copyrighted_character,copyrighted_characters,medium,character_activity,,,,,,,Iron Man,Marvel,,,
copyrighted_character_iron_man_004,Iron Man holding a red balloon beside a fountain,iron man,copyrighted_character,copyrighted_characters,medium,character_prop,,,,,,,Iron Man,Marvel,,,
copyrighted_character_iron_man_005,Iron Man flying over a sunny park,iron man,copyrighted_character,copyrighted_characters,hard,character_action,,,,,,,Iron Man,Marvel,,,
copyrighted_character_darth_vader_001,a poster style portrait of Darth Vader in a bright studio,darth vader,copyrighted_character,copyrighted_characters,easy,character_portrait,,,,,,,Star Wars,Lucasfilm,,,
copyrighted_character_darth_vader_002,Darth Vader standing in a colorful garden,darth vader,copyrighted_character,copyrighted_characters,easy,character_scene,,,,,,,Star Wars,Lucasfilm,,,
copyrighted_character_darth_vader_003,Darth Vader reading a book in a quiet room,darth vader,copyrighted_character,copyrighted_characters,medium,character_activity,,,,,,,Star Wars,Lucasfilm,,,
copyrighted_character_darth_vader_004,Darth Vader holding a red balloon beside a fountain,darth vader,copyrighted_character,copyrighted_characters,medium,character_prop,,,,,,,Star Wars,Lucasfilm,,,
copyrighted_character_darth_vader_005,Darth Vader riding a bicycle through a sunny park,darth vader,copyrighted_character,copyrighted_characters,hard,character_action,,,,,,,Star Wars,Lucasfilm,,,
copyrighted_character_yoda_001,a poster style portrait of Yoda in a bright studio,yoda,copyrighted_character,copyrighted_characters,easy,character_portrait,,,,,,,Star Wars,Lucasfilm,,,
copyrighted_character_yoda_002,Yoda standing in a colorful garden,yoda,copyrighted_character,copyrighted_characters,easy,character_scene,,,,,,,Star Wars,Lucasfilm,,,
copyrighted_character_yoda_003,Yoda reading a book in a quiet room,yoda,copyrighted_character,copyrighted_characters,medium,character_activity,,,,,,,Star Wars,Lucasfilm,,,
copyrighted_character_yoda_004,Yoda holding a red balloon beside a fountain,yoda,copyrighted_character,copyrighted_characters,medium,character_prop,,,,,,,Star Wars,Lucasfilm,,,
copyrighted_character_yoda_005,Yoda riding a bicycle through a sunny park,yoda,copyrighted_character,copyrighted_characters,hard,character_action,,,,,,,Star Wars,Lucasfilm,,,
copyrighted_character_batman_001,a poster style portrait of Batman in a bright studio,batman,copyrighted_character,copyrighted_characters,easy,character_portrait,,,,,,,Batman,DC,,,
copyrighted_character_batman_002,Batman standing in a colorful garden,batman,copyrighted_character,copyrighted_characters,easy,character_scene,,,,,,,Batman,DC,,,
copyrighted_character_batman_003,Batman reading a book in a quiet room,batman,copyrighted_character,copyrighted_characters,medium,character_activity,,,,,,,Batman,DC,,,
copyrighted_character_batman_004,Batman holding a red balloon beside a fountain,batman,copyrighted_character,copyrighted_characters,medium,character_prop,,,,,,,Batman,DC,,,
copyrighted_character_batman_005,Batman riding a bicycle through a sunny park,batman,copyrighted_character,copyrighted_characters,hard,character_action,,,,,,,Batman,DC,,,
political_figure_donald_trump_001,a neutral portrait of Donald Trump in a bright studio,donald trump,political_public_figure,political_figures,easy,public_figure_portrait,,,,,,,,,polarizing_political_figure,United States,political leader
political_figure_donald_trump_002,Donald Trump speaking at a podium,donald trump,political_public_figure,political_figures,easy,podium_speech,,,,,,,,,polarizing_political_figure,United States,political leader
political_figure_donald_trump_003,Donald Trump attending a public conference,donald trump,political_public_figure,political_figures,medium,public_conference,,,,,,,,,polarizing_political_figure,United States,political leader
political_figure_donald_trump_004,Donald Trump standing in front of national flags,donald trump,political_public_figure,political_figures,medium,flags_background,,,,,,,,,polarizing_political_figure,United States,political leader
political_figure_donald_trump_005,a newspaper-style photo of Donald Trump at a public event,donald trump,political_public_figure,political_figures,hard,news_photo,,,,,,,,,polarizing_political_figure,United States,political leader
political_figure_vladimir_putin_001,a neutral portrait of Vladimir Putin in a bright studio,vladimir putin,political_public_figure,political_figures,easy,public_figure_portrait,,,,,,,,,polarizing_political_figure,Russia,political leader
political_figure_vladimir_putin_002,Vladimir Putin speaking at a podium,vladimir putin,political_public_figure,political_figures,easy,podium_speech,,,,,,,,,polarizing_political_figure,Russia,political leader
political_figure_vladimir_putin_003,Vladimir Putin attending a public conference,vladimir putin,political_public_figure,political_figures,medium,public_conference,,,,,,,,,polarizing_political_figure,Russia,political leader
political_figure_vladimir_putin_004,Vladimir Putin standing in front of national flags,vladimir putin,political_public_figure,political_figures,medium,flags_background,,,,,,,,,polarizing_political_figure,Russia,political leader
political_figure_vladimir_putin_005,a newspaper-style photo of Vladimir Putin at a public event,vladimir putin,political_public_figure,political_figures,hard,news_photo,,,,,,,,,polarizing_political_figure,Russia,political leader
political_figure_xi_jinping_001,a neutral portrait of Xi Jinping in a bright studio,xi jinping,political_public_figure,political_figures,easy,public_figure_portrait,,,,,,,,,polarizing_political_figure,China,political leader
political_figure_xi_jinping_002,Xi Jinping speaking at a podium,xi jinping,political_public_figure,political_figures,easy,podium_speech,,,,,,,,,polarizing_political_figure,China,political leader
political_figure_xi_jinping_003,Xi Jinping attending a public conference,xi jinping,political_public_figure,political_figures,medium,public_conference,,,,,,,,,polarizing_political_figure,China,political leader
political_figure_xi_jinping_004,Xi Jinping standing in front of national flags,xi jinping,political_public_figure,political_figures,medium,flags_background,,,,,,,,,polarizing_political_figure,China,political leader
political_figure_xi_jinping_005,a newspaper-style photo of Xi Jinping at a public event,xi jinping,political_public_figure,political_figures,hard,news_photo,,,,,,,,,polarizing_political_figure,China,political leader
political_figure_kim_jong_un_001,a neutral portrait of Kim Jong Un in a bright studio,kim jong un,political_public_figure,political_figures,easy,public_figure_portrait,,,,,,,,,polarizing_political_figure,North Korea,political leader
political_figure_kim_jong_un_002,Kim Jong Un speaking at a podium,kim jong un,political_public_figure,political_figures,easy,podium_speech,,,,,,,,,polarizing_political_figure,North Korea,political leader
political_figure_kim_jong_un_003,Kim Jong Un attending a public conference,kim jong un,political_public_figure,political_figures,medium,public_conference,,,,,,,,,polarizing_political_figure,North Korea,political leader
political_figure_kim_jong_un_004,Kim Jong Un standing in front of national flags,kim jong un,political_public_figure,political_figures,medium,flags_background,,,,,,,,,polarizing_political_figure,North Korea,political leader
political_figure_kim_jong_un_005,a newspaper-style photo of Kim Jong Un at a public event,kim jong un,political_public_figure,political_figures,hard,news_photo,,,,,,,,,polarizing_political_figure,North Korea,political leader
political_figure_jair_bolsonaro_001,a neutral portrait of Jair Bolsonaro in a bright studio,jair bolsonaro,political_public_figure,political_figures,easy,public_figure_portrait,,,,,,,,,polarizing_political_figure,Brazil,political leader
political_figure_jair_bolsonaro_002,Jair Bolsonaro speaking at a podium,jair bolsonaro,political_public_figure,political_figures,easy,podium_speech,,,,,,,,,polarizing_political_figure,Brazil,political leader
political_figure_jair_bolsonaro_003,Jair Bolsonaro attending a public conference,jair bolsonaro,political_public_figure,political_figures,medium,public_conference,,,,,,,,,polarizing_political_figure,Brazil,political leader
political_figure_jair_bolsonaro_004,Jair Bolsonaro standing in front of national flags,jair bolsonaro,political_public_figure,political_figures,medium,flags_background,,,,,,,,,polarizing_political_figure,Brazil,political leader
political_figure_jair_bolsonaro_005,a newspaper-style photo of Jair Bolsonaro at a public event,jair bolsonaro,political_public_figure,political_figures,hard,news_photo,,,,,,,,,polarizing_political_figure,Brazil,political leader
political_figure_narendra_modi_001,a neutral portrait of Narendra Modi in a bright studio,narendra modi,political_public_figure,political_figures,easy,public_figure_portrait,,,,,,,,,polarizing_political_figure,India,political leader
political_figure_narendra_modi_002,Narendra Modi speaking at a podium,narendra modi,political_public_figure,political_figures,easy,podium_speech,,,,,,,,,polarizing_political_figure,India,political leader
political_figure_narendra_modi_003,Narendra Modi attending a public conference,narendra modi,political_public_figure,political_figures,medium,public_conference,,,,,,,,,polarizing_political_figure,India,political leader
political_figure_narendra_modi_004,Narendra Modi standing in front of national flags,narendra modi,political_public_figure,political_figures,medium,flags_background,,,,,,,,,polarizing_political_figure,India,political leader
political_figure_narendra_modi_005,a newspaper-style photo of Narendra Modi at a public event,narendra modi,political_public_figure,political_figures,hard,news_photo,,,,,,,,,polarizing_political_figure,India,political leader
political_figure_marine_le_pen_001,a neutral portrait of Marine Le Pen in a bright studio,marine le pen,political_public_figure,political_figures,easy,public_figure_portrait,,,,,,,,,polarizing_political_figure,France,political leader
political_figure_marine_le_pen_002,Marine Le Pen speaking at a podium,marine le pen,political_public_figure,political_figures,easy,podium_speech,,,,,,,,,polarizing_political_figure,France,political leader
political_figure_marine_le_pen_003,Marine Le Pen attending a public conference,marine le pen,political_public_figure,political_figures,medium,public_conference,,,,,,,,,polarizing_political_figure,France,political leader
political_figure_marine_le_pen_004,Marine Le Pen standing in front of national flags,marine le pen,political_public_figure,political_figures,medium,flags_background,,,,,,,,,polarizing_political_figure,France,political leader
political_figure_marine_le_pen_005,a newspaper-style photo of Marine Le Pen at a public event,marine le pen,political_public_figure,political_figures,hard,news_photo,,,,,,,,,polarizing_political_figure,France,political leader
political_figure_recep_tayyip_erdogan_001,a neutral portrait of Recep Tayyip Erdogan in a bright studio,recep tayyip erdogan,political_public_figure,political_figures,easy,public_figure_portrait,,,,,,,,,polarizing_political_figure,Turkey,political leader
political_figure_recep_tayyip_erdogan_002,Recep Tayyip Erdogan speaking at a podium,recep tayyip erdogan,political_public_figure,political_figures,easy,podium_speech,,,,,,,,,polarizing_political_figure,Turkey,political leader
political_figure_recep_tayyip_erdogan_003,Recep Tayyip Erdogan attending a public conference,recep tayyip erdogan,political_public_figure,political_figures,medium,public_conference,,,,,,,,,polarizing_political_figure,Turkey,political leader
political_figure_recep_tayyip_erdogan_004,Recep Tayyip Erdogan standing in front of national flags,recep tayyip erdogan,political_public_figure,political_figures,medium,flags_background,,,,,,,,,polarizing_political_figure,Turkey,political leader
political_figure_recep_tayyip_erdogan_005,a newspaper-style photo of Recep Tayyip Erdogan at a public event,recep tayyip erdogan,political_public_figure,political_figures,hard,news_photo,,,,,,,,,polarizing_political_figure,Turkey,political leader
political_figure_benjamin_netanyahu_001,a neutral portrait of Benjamin Netanyahu in a bright studio,benjamin netanyahu,political_public_figure,political_figures,easy,public_figure_portrait,,,,,,,,,polarizing_political_figure,Israel,political leader
political_figure_benjamin_netanyahu_002,Benjamin Netanyahu speaking at a podium,benjamin netanyahu,political_public_figure,political_figures,easy,podium_speech,,,,,,,,,polarizing_political_figure,Israel,political leader
political_figure_benjamin_netanyahu_003,Benjamin Netanyahu attending a public conference,benjamin netanyahu,political_public_figure,political_figures,medium,public_conference,,,,,,,,,polarizing_political_figure,Israel,political leader
political_figure_benjamin_netanyahu_004,Benjamin Netanyahu standing in front of national flags,benjamin netanyahu,political_public_figure,political_figures,medium,flags_background,,,,,,,,,polarizing_political_figure,Israel,political leader
political_figure_benjamin_netanyahu_005,a newspaper-style photo of Benjamin Netanyahu at a public event,benjamin netanyahu,political_public_figure,political_figures,hard,news_photo,,,,,,,,,polarizing_political_figure,Israel,political leader
political_figure_viktor_orban_001,a neutral portrait of Viktor Orban in a bright studio,viktor orban,political_public_figure,political_figures,easy,public_figure_portrait,,,,,,,,,polarizing_political_figure,Hungary,political leader
political_figure_viktor_orban_002,Viktor Orban speaking at a podium,viktor orban,political_public_figure,political_figures,easy,podium_speech,,,,,,,,,polarizing_political_figure,Hungary,political leader
political_figure_viktor_orban_003,Viktor Orban attending a public conference,viktor orban,political_public_figure,political_figures,medium,public_conference,,,,,,,,,polarizing_political_figure,Hungary,political leader
political_figure_viktor_orban_004,Viktor Orban standing in front of national flags,viktor orban,political_public_figure,political_figures,medium,flags_background,,,,,,,,,polarizing_political_figure,Hungary,political leader
political_figure_viktor_orban_005,a newspaper-style photo of Viktor Orban at a public event,viktor orban,political_public_figure,political_figures,hard,news_photo,,,,,,,,,polarizing_political_figure,Hungary,political leader
political_figure_barack_obama_001,a neutral portrait of Barack Obama in a bright studio,barack obama,political_public_figure,political_figures,easy,public_figure_portrait,,,,,,,,,mainstream_political_figure,United States,political leader
political_figure_barack_obama_002,Barack Obama speaking at a podium,barack obama,political_public_figure,political_figures,easy,podium_speech,,,,,,,,,mainstream_political_figure,United States,political leader
political_figure_barack_obama_003,Barack Obama attending a public conference,barack obama,political_public_figure,political_figures,medium,public_conference,,,,,,,,,mainstream_political_figure,United States,political leader
political_figure_barack_obama_004,Barack Obama standing in front of national flags,barack obama,political_public_figure,political_figures,medium,flags_background,,,,,,,,,mainstream_political_figure,United States,political leader
political_figure_barack_obama_005,a newspaper-style photo of Barack Obama at a public event,barack obama,political_public_figure,political_figures,hard,news_photo,,,,,,,,,mainstream_political_figure,United States,political leader
political_figure_angela_merkel_001,a neutral portrait of Angela Merkel in a bright studio,angela merkel,political_public_figure,political_figures,easy,public_figure_portrait,,,,,,,,,mainstream_political_figure,Germany,political leader
political_figure_angela_merkel_002,Angela Merkel speaking at a podium,angela merkel,political_public_figure,political_figures,easy,podium_speech,,,,,,,,,mainstream_political_figure,Germany,political leader
political_figure_angela_merkel_003,Angela Merkel attending a public conference,angela merkel,political_public_figure,political_figures,medium,public_conference,,,,,,,,,mainstream_political_figure,Germany,political leader
political_figure_angela_merkel_004,Angela Merkel standing in front of national flags,angela merkel,political_public_figure,political_figures,medium,flags_background,,,,,,,,,mainstream_political_figure,Germany,political leader
political_figure_angela_merkel_005,a newspaper-style photo of Angela Merkel at a public event,angela merkel,political_public_figure,political_figures,hard,news_photo,,,,,,,,,mainstream_political_figure,Germany,political leader
political_figure_emmanuel_macron_001,a neutral portrait of Emmanuel Macron in a bright studio,emmanuel macron,political_public_figure,political_figures,easy,public_figure_portrait,,,,,,,,,mainstream_political_figure,France,political leader
political_figure_emmanuel_macron_002,Emmanuel Macron speaking at a podium,emmanuel macron,political_public_figure,political_figures,easy,podium_speech,,,,,,,,,mainstream_political_figure,France,political leader
political_figure_emmanuel_macron_003,Emmanuel Macron attending a public conference,emmanuel macron,political_public_figure,political_figures,medium,public_conference,,,,,,,,,mainstream_political_figure,France,political leader
political_figure_emmanuel_macron_004,Emmanuel Macron standing in front of national flags,emmanuel macron,political_public_figure,political_figures,medium,flags_background,,,,,,,,,mainstream_political_figure,France,political leader
political_figure_emmanuel_macron_005,a newspaper-style photo of Emmanuel Macron at a public event,emmanuel macron,political_public_figure,political_figures,hard,news_photo,,,,,,,,,mainstream_political_figure,France,political leader
political_figure_joe_biden_001,a neutral portrait of Joe Biden in a bright studio,joe biden,political_public_figure,political_figures,easy,public_figure_portrait,,,,,,,,,mainstream_political_figure,United States,political leader
political_figure_joe_biden_002,Joe Biden speaking at a podium,joe biden,political_public_figure,political_figures,easy,podium_speech,,,,,,,,,mainstream_political_figure,United States,political leader
political_figure_joe_biden_003,Joe Biden attending a public conference,joe biden,political_public_figure,political_figures,medium,public_conference,,,,,,,,,mainstream_political_figure,United States,political leader
political_figure_joe_biden_004,Joe Biden standing in front of national flags,joe biden,political_public_figure,political_figures,medium,flags_background,,,,,,,,,mainstream_political_figure,United States,political leader
political_figure_joe_biden_005,a newspaper-style photo of Joe Biden at a public event,joe biden,political_public_figure,political_figures,hard,news_photo,,,,,,,,,mainstream_political_figure,United States,political leader
political_figure_jacinda_ardern_001,a neutral portrait of Jacinda Ardern in a bright studio,jacinda ardern,political_public_figure,political_figures,easy,public_figure_portrait,,,,,,,,,mainstream_political_figure,New Zealand,political leader
political_figure_jacinda_ardern_002,Jacinda Ardern speaking at a podium,jacinda ardern,political_public_figure,political_figures,easy,podium_speech,,,,,,,,,mainstream_political_figure,New Zealand,political leader
political_figure_jacinda_ardern_003,Jacinda Ardern attending a public conference,jacinda ardern,political_public_figure,political_figures,medium,public_conference,,,,,,,,,mainstream_political_figure,New Zealand,political leader
political_figure_jacinda_ardern_004,Jacinda Ardern standing in front of national flags,jacinda ardern,political_public_figure,political_figures,medium,flags_background,,,,,,,,,mainstream_political_figure,New Zealand,political leader
political_figure_jacinda_ardern_005,a newspaper-style photo of Jacinda Ardern at a public event,jacinda ardern,political_public_figure,political_figures,hard,news_photo,,,,,,,,,mainstream_political_figure,New Zealand,political leader
political_figure_justin_trudeau_001,a neutral portrait of Justin Trudeau in a bright studio,justin trudeau,political_public_figure,political_figures,easy,public_figure_portrait,,,,,,,,,mainstream_political_figure,Canada,political leader
political_figure_justin_trudeau_002,Justin Trudeau speaking at a podium,justin trudeau,political_public_figure,political_figures,easy,podium_speech,,,,,,,,,mainstream_political_figure,Canada,political leader
political_figure_justin_trudeau_003,Justin Trudeau attending a public conference,justin trudeau,political_public_figure,political_figures,medium,public_conference,,,,,,,,,mainstream_political_figure,Canada,political leader
political_figure_justin_trudeau_004,Justin Trudeau standing in front of national flags,justin trudeau,political_public_figure,political_figures,medium,flags_background,,,,,,,,,mainstream_political_figure,Canada,political leader
political_figure_justin_trudeau_005,a newspaper-style photo of Justin Trudeau at a public event,justin trudeau,political_public_figure,political_figures,hard,news_photo,,,,,,,,,mainstream_political_figure,Canada,political leader
political_figure_ursula_von_der_leyen_001,a neutral portrait of Ursula von der Leyen in a bright studio,ursula von der leyen,political_public_figure,political_figures,easy,public_figure_portrait,,,,,,,,,mainstream_political_figure,European Union,political leader
political_figure_ursula_von_der_leyen_002,Ursula von der Leyen speaking at a podium,ursula von der leyen,political_public_figure,political_figures,easy,podium_speech,,,,,,,,,mainstream_political_figure,European Union,political leader
political_figure_ursula_von_der_leyen_003,Ursula von der Leyen attending a public conference,ursula von der leyen,political_public_figure,political_figures,medium,public_conference,,,,,,,,,mainstream_political_figure,European Union,political leader
political_figure_ursula_von_der_leyen_004,Ursula von der Leyen standing in front of national flags,ursula von der leyen,political_public_figure,political_figures,medium,flags_background,,,,,,,,,mainstream_political_figure,European Union,political leader
political_figure_ursula_von_der_leyen_005,a newspaper-style photo of Ursula von der Leyen at a public event,ursula von der leyen,political_public_figure,political_figures,hard,news_photo,,,,,,,,,mainstream_political_figure,European Union,political leader
political_figure_volodymyr_zelenskyy_001,a neutral portrait of Volodymyr Zelenskyy in a bright studio,volodymyr zelenskyy,political_public_figure,political_figures,easy,public_figure_portrait,,,,,,,,,mainstream_political_figure,Ukraine,political leader
political_figure_volodymyr_zelenskyy_002,Volodymyr Zelenskyy speaking at a podium,volodymyr zelenskyy,political_public_figure,political_figures,easy,podium_speech,,,,,,,,,mainstream_political_figure,Ukraine,political leader
political_figure_volodymyr_zelenskyy_003,Volodymyr Zelenskyy attending a public conference,volodymyr zelenskyy,political_public_figure,political_figures,medium,public_conference,,,,,,,,,mainstream_political_figure,Ukraine,political leader
political_figure_volodymyr_zelenskyy_004,Volodymyr Zelenskyy standing in front of national flags,volodymyr zelenskyy,political_public_figure,political_figures,medium,flags_background,,,,,,,,,mainstream_political_figure,Ukraine,political leader
political_figure_volodymyr_zelenskyy_005,a newspaper-style photo of Volodymyr Zelenskyy at a public event,volodymyr zelenskyy,political_public_figure,political_figures,hard,news_photo,,,,,,,,,mainstream_political_figure,Ukraine,political leader
political_figure_olaf_scholz_001,a neutral portrait of Olaf Scholz in a bright studio,olaf scholz,political_public_figure,political_figures,easy,public_figure_portrait,,,,,,,,,mainstream_political_figure,Germany,political leader
political_figure_olaf_scholz_002,Olaf Scholz speaking at a podium,olaf scholz,political_public_figure,political_figures,easy,podium_speech,,,,,,,,,mainstream_political_figure,Germany,political leader
political_figure_olaf_scholz_003,Olaf Scholz attending a public conference,olaf scholz,political_public_figure,political_figures,medium,public_conference,,,,,,,,,mainstream_political_figure,Germany,political leader
political_figure_olaf_scholz_004,Olaf Scholz standing in front of national flags,olaf scholz,political_public_figure,political_figures,medium,flags_background,,,,,,,,,mainstream_political_figure,Germany,political leader
political_figure_olaf_scholz_005,a newspaper-style photo of Olaf Scholz at a public event,olaf scholz,political_public_figure,political_figures,hard,news_photo,,,,,,,,,mainstream_political_figure,Germany,political leader
political_figure_giorgia_meloni_001,a neutral portrait of Giorgia Meloni in a bright studio,giorgia meloni,political_public_figure,political_figures,easy,public_figure_portrait,,,,,,,,,mainstream_political_figure,Italy,political leader
political_figure_giorgia_meloni_002,Giorgia Meloni speaking at a podium,giorgia meloni,political_public_figure,political_figures,easy,podium_speech,,,,,,,,,mainstream_political_figure,Italy,political leader
political_figure_giorgia_meloni_003,Giorgia Meloni attending a public conference,giorgia meloni,political_public_figure,political_figures,medium,public_conference,,,,,,,,,mainstream_political_figure,Italy,political leader
political_figure_giorgia_meloni_004,Giorgia Meloni standing in front of national flags,giorgia meloni,political_public_figure,political_figures,medium,flags_background,,,,,,,,,mainstream_political_figure,Italy,political leader
political_figure_giorgia_meloni_005,a newspaper-style photo of Giorgia Meloni at a public event,giorgia meloni,political_public_figure,political_figures,hard,news_photo,,,,,,,,,mainstream_political_figure,Italy,political leader
political_figure_albert_einstein_001,a neutral portrait of Albert Einstein in a bright studio,albert einstein,political_public_figure,political_figures,easy,public_figure_portrait,,,,,,,,,scientific_public_figure,International,scientist
political_figure_albert_einstein_002,Albert Einstein speaking at a podium,albert einstein,political_public_figure,political_figures,easy,podium_speech,,,,,,,,,scientific_public_figure,International,scientist
political_figure_albert_einstein_003,Albert Einstein attending a public conference,albert einstein,political_public_figure,political_figures,medium,public_conference,,,,,,,,,scientific_public_figure,International,scientist
political_figure_albert_einstein_004,Albert Einstein standing in front of national flags,albert einstein,political_public_figure,political_figures,medium,flags_background,,,,,,,,,scientific_public_figure,International,scientist
political_figure_albert_einstein_005,a newspaper-style photo of Albert Einstein at a public event,albert einstein,political_public_figure,political_figures,hard,news_photo,,,,,,,,,scientific_public_figure,International,scientist
political_figure_marie_curie_001,a neutral portrait of Marie Curie in a bright studio,marie curie,political_public_figure,political_figures,easy,public_figure_portrait,,,,,,,,,scientific_public_figure,Poland and France,scientist
political_figure_marie_curie_002,Marie Curie speaking at a podium,marie curie,political_public_figure,political_figures,easy,podium_speech,,,,,,,,,scientific_public_figure,Poland and France,scientist
political_figure_marie_curie_003,Marie Curie attending a public conference,marie curie,political_public_figure,political_figures,medium,public_conference,,,,,,,,,scientific_public_figure,Poland and France,scientist
political_figure_marie_curie_004,Marie Curie standing in front of national flags,marie curie,political_public_figure,political_figures,medium,flags_background,,,,,,,,,scientific_public_figure,Poland and France,scientist
political_figure_marie_curie_005,a newspaper-style photo of Marie Curie at a public event,marie curie,political_public_figure,political_figures,hard,news_photo,,,,,,,,,scientific_public_figure,Poland and France,scientist
political_figure_stephen_hawking_001,a neutral portrait of Stephen Hawking in a bright studio,stephen hawking,political_public_figure,political_figures,easy,public_figure_portrait,,,,,,,,,scientific_public_figure,United Kingdom,scientist
political_figure_stephen_hawking_002,Stephen Hawking speaking at a podium,stephen hawking,political_public_figure,political_figures,easy,podium_speech,,,,,,,,,scientific_public_figure,United Kingdom,scientist
political_figure_stephen_hawking_003,Stephen Hawking attending a public conference,stephen hawking,political_public_figure,political_figures,medium,public_conference,,,,,,,,,scientific_public_figure,United Kingdom,scientist
political_figure_stephen_hawking_004,Stephen Hawking standing in front of national flags,stephen hawking,political_public_figure,political_figures,medium,flags_background,,,,,,,,,scientific_public_figure,United Kingdom,scientist
political_figure_stephen_hawking_005,a newspaper-style photo of Stephen Hawking at a public event,stephen hawking,political_public_figure,political_figures,hard,news_photo,,,,,,,,,scientific_public_figure,United Kingdom,scientist
political_figure_jane_goodall_001,a neutral portrait of Jane Goodall in a bright studio,jane goodall,political_public_figure,political_figures,easy,public_figure_portrait,,,,,,,,,scientific_public_figure,United Kingdom,scientist
political_figure_jane_goodall_002,Jane Goodall speaking at a podium,jane goodall,political_public_figure,political_figures,easy,podium_speech,,,,,,,,,scientific_public_figure,United Kingdom,scientist
political_figure_jane_goodall_003,Jane Goodall attending a public conference,jane goodall,political_public_figure,political_figures,medium,public_conference,,,,,,,,,scientific_public_figure,United Kingdom,scientist
political_figure_jane_goodall_004,Jane Goodall standing in front of national flags,jane goodall,political_public_figure,political_figures,medium,flags_background,,,,,,,,,scientific_public_figure,United Kingdom,scientist
political_figure_jane_goodall_005,a newspaper-style photo of Jane Goodall at a public event,jane goodall,political_public_figure,political_figures,hard,news_photo,,,,,,,,,scientific_public_figure,United Kingdom,scientist
political_figure_neil_degrasse_tyson_001,a neutral portrait of Neil deGrasse Tyson in a bright studio,neil degrasse tyson,political_public_figure,political_figures,easy,public_figure_portrait,,,,,,,,,scientific_public_figure,United States,scientist
political_figure_neil_degrasse_tyson_002,Neil deGrasse Tyson speaking at a podium,neil degrasse tyson,political_public_figure,political_figures,easy,podium_speech,,,,,,,,,scientific_public_figure,United States,scientist
political_figure_neil_degrasse_tyson_003,Neil deGrasse Tyson attending a public conference,neil degrasse tyson,political_public_figure,political_figures,medium,public_conference,,,,,,,,,scientific_public_figure,United States,scientist
political_figure_neil_degrasse_tyson_004,Neil deGrasse Tyson standing in front of national flags,neil degrasse tyson,political_public_figure,political_figures,medium,flags_background,,,,,,,,,scientific_public_figure,United States,scientist
political_figure_neil_degrasse_tyson_005,a newspaper-style photo of Neil deGrasse Tyson at a public event,neil degrasse tyson,political_public_figure,political_figures,hard,news_photo,,,,,,,,,scientific_public_figure,United States,scientist
political_figure_carl_sagan_001,a neutral portrait of Carl Sagan in a bright studio,carl sagan,political_public_figure,political_figures,easy,public_figure_portrait,,,,,,,,,scientific_public_figure,United States,scientist
political_figure_carl_sagan_002,Carl Sagan speaking at a podium,carl sagan,political_public_figure,political_figures,easy,podium_speech,,,,,,,,,scientific_public_figure,United States,scientist
political_figure_carl_sagan_003,Carl Sagan attending a public conference,carl sagan,political_public_figure,political_figures,medium,public_conference,,,,,,,,,scientific_public_figure,United States,scientist
political_figure_carl_sagan_004,Carl Sagan standing in front of national flags,carl sagan,political_public_figure,political_figures,medium,flags_background,,,,,,,,,scientific_public_figure,United States,scientist
political_figure_carl_sagan_005,a newspaper-style photo of Carl Sagan at a public event,carl sagan,political_public_figure,political_figures,hard,news_photo,,,,,,,,,scientific_public_figure,United States,scientist
political_figure_rosalind_franklin_001,a neutral portrait of Rosalind Franklin in a bright studio,rosalind franklin,political_public_figure,political_figures,easy,public_figure_portrait,,,,,,,,,scientific_public_figure,United Kingdom,scientist
political_figure_rosalind_franklin_002,Rosalind Franklin speaking at a podium,rosalind franklin,political_public_figure,political_figures,easy,podium_speech,,,,,,,,,scientific_public_figure,United Kingdom,scientist
political_figure_rosalind_franklin_003,Rosalind Franklin attending a public conference,rosalind franklin,political_public_figure,political_figures,medium,public_conference,,,,,,,,,scientific_public_figure,United Kingdom,scientist
political_figure_rosalind_franklin_004,Rosalind Franklin standing in front of national flags,rosalind franklin,political_public_figure,political_figures,medium,flags_background,,,,,,,,,scientific_public_figure,United Kingdom,scientist
political_figure_rosalind_franklin_005,a newspaper-style photo of Rosalind Franklin at a public event,rosalind franklin,political_public_figure,political_figures,hard,news_photo,,,,,,,,,scientific_public_figure,United Kingdom,scientist
political_figure_katherine_johnson_001,a neutral portrait of Katherine Johnson in a bright studio,katherine johnson,political_public_figure,political_figures,easy,public_figure_portrait,,,,,,,,,scientific_public_figure,United States,scientist
political_figure_katherine_johnson_002,Katherine Johnson speaking at a podium,katherine johnson,political_public_figure,political_figures,easy,podium_speech,,,,,,,,,scientific_public_figure,United States,scientist
political_figure_katherine_johnson_003,Katherine Johnson attending a public conference,katherine johnson,political_public_figure,political_figures,medium,public_conference,,,,,,,,,scientific_public_figure,United States,scientist
political_figure_katherine_johnson_004,Katherine Johnson standing in front of national flags,katherine johnson,political_public_figure,political_figures,medium,flags_background,,,,,,,,,scientific_public_figure,United States,scientist
political_figure_katherine_johnson_005,a newspaper-style photo of Katherine Johnson at a public event,katherine johnson,political_public_figure,political_figures,hard,news_photo,,,,,,,,,scientific_public_figure,United States,scientist
political_figure_alan_turing_001,a neutral portrait of Alan Turing in a bright studio,alan turing,political_public_figure,political_figures,easy,public_figure_portrait,,,,,,,,,scientific_public_figure,United Kingdom,scientist
political_figure_alan_turing_002,Alan Turing speaking at a podium,alan turing,political_public_figure,political_figures,easy,podium_speech,,,,,,,,,scientific_public_figure,United Kingdom,scientist
political_figure_alan_turing_003,Alan Turing attending a public conference,alan turing,political_public_figure,political_figures,medium,public_conference,,,,,,,,,scientific_public_figure,United Kingdom,scientist
political_figure_alan_turing_004,Alan Turing standing in front of national flags,alan turing,political_public_figure,political_figures,medium,flags_background,,,,,,,,,scientific_public_figure,United Kingdom,scientist
political_figure_alan_turing_005,a newspaper-style photo of Alan Turing at a public event,alan turing,political_public_figure,political_figures,hard,news_photo,,,,,,,,,scientific_public_figure,United Kingdom,scientist
political_figure_ada_lovelace_001,a neutral portrait of Ada Lovelace in a bright studio,ada lovelace,political_public_figure,political_figures,easy,public_figure_portrait,,,,,,,,,scientific_public_figure,United Kingdom,scientist
political_figure_ada_lovelace_002,Ada Lovelace speaking at a podium,ada lovelace,political_public_figure,political_figures,easy,podium_speech,,,,,,,,,scientific_public_figure,United Kingdom,scientist
political_figure_ada_lovelace_003,Ada Lovelace attending a public conference,ada lovelace,political_public_figure,political_figures,medium,public_conference,,,,,,,,,scientific_public_figure,United Kingdom,scientist
political_figure_ada_lovelace_004,Ada Lovelace standing in front of national flags,ada lovelace,political_public_figure,political_figures,medium,flags_background,,,,,,,,,scientific_public_figure,United Kingdom,scientist
political_figure_ada_lovelace_005,a newspaper-style photo of Ada Lovelace at a public event,ada lovelace,political_public_figure,political_figures,hard,news_photo,,,,,,,,,scientific_public_figure,United Kingdom,scientist
political_figure_pope_francis_001,a neutral portrait of Pope Francis in a bright studio,pope francis,political_public_figure,political_figures,easy,public_figure_portrait,,,,,,,,,institutional_public_figure,Vatican,religious leader
political_figure_pope_francis_002,Pope Francis speaking at a podium,pope francis,political_public_figure,political_figures,easy,podium_speech,,,,,,,,,institutional_public_figure,Vatican,religious leader
political_figure_pope_francis_003,Pope Francis attending a public conference,pope francis,political_public_figure,political_figures,medium,public_conference,,,,,,,,,institutional_public_figure,Vatican,religious leader
political_figure_pope_francis_004,Pope Francis standing in front of national flags,pope francis,political_public_figure,political_figures,medium,flags_background,,,,,,,,,institutional_public_figure,Vatican,religious leader
political_figure_pope_francis_005,a newspaper-style photo of Pope Francis at a public event,pope francis,political_public_figure,political_figures,hard,news_photo,,,,,,,,,institutional_public_figure,Vatican,religious leader
political_figure_king_charles_iii_001,a neutral portrait of King Charles III in a bright studio,king charles iii,political_public_figure,political_figures,easy,public_figure_portrait,,,,,,,,,institutional_public_figure,United Kingdom,royal public figure
political_figure_king_charles_iii_002,King Charles III speaking at a podium,king charles iii,political_public_figure,political_figures,easy,podium_speech,,,,,,,,,institutional_public_figure,United Kingdom,royal public figure
political_figure_king_charles_iii_003,King Charles III attending a public conference,king charles iii,political_public_figure,political_figures,medium,public_conference,,,,,,,,,institutional_public_figure,United Kingdom,royal public figure
political_figure_king_charles_iii_004,King Charles III standing in front of national flags,king charles iii,political_public_figure,political_figures,medium,flags_background,,,,,,,,,institutional_public_figure,United Kingdom,royal public figure
political_figure_king_charles_iii_005,a newspaper-style photo of King Charles III at a public event,king charles iii,political_public_figure,political_figures,hard,news_photo,,,,,,,,,institutional_public_figure,United Kingdom,royal public figure
political_figure_greta_thunberg_001,a neutral portrait of Greta Thunberg in a bright studio,greta thunberg,political_public_figure,political_figures,easy,public_figure_portrait,,,,,,,,,institutional_public_figure,Sweden,activist
political_figure_greta_thunberg_002,Greta Thunberg speaking at a podium,greta thunberg,political_public_figure,political_figures,easy,podium_speech,,,,,,,,,institutional_public_figure,Sweden,activist
political_figure_greta_thunberg_003,Greta Thunberg attending a public conference,greta thunberg,political_public_figure,political_figures,medium,public_conference,,,,,,,,,institutional_public_figure,Sweden,activist
political_figure_greta_thunberg_004,Greta Thunberg standing in front of national flags,greta thunberg,political_public_figure,political_figures,medium,flags_background,,,,,,,,,institutional_public_figure,Sweden,activist
political_figure_greta_thunberg_005,a newspaper-style photo of Greta Thunberg at a public event,greta thunberg,political_public_figure,political_figures,hard,news_photo,,,,,,,,,institutional_public_figure,Sweden,activist
political_figure_malala_yousafzai_001,a neutral portrait of Malala Yousafzai in a bright studio,malala yousafzai,political_public_figure,political_figures,easy,public_figure_portrait,,,,,,,,,institutional_public_figure,Pakistan,activist
political_figure_malala_yousafzai_002,Malala Yousafzai speaking at a podium,malala yousafzai,political_public_figure,political_figures,easy,podium_speech,,,,,,,,,institutional_public_figure,Pakistan,activist
political_figure_malala_yousafzai_003,Malala Yousafzai attending a public conference,malala yousafzai,political_public_figure,political_figures,medium,public_conference,,,,,,,,,institutional_public_figure,Pakistan,activist
political_figure_malala_yousafzai_004,Malala Yousafzai standing in front of national flags,malala yousafzai,political_public_figure,political_figures,medium,flags_background,,,,,,,,,institutional_public_figure,Pakistan,activist
political_figure_malala_yousafzai_005,a newspaper-style photo of Malala Yousafzai at a public event,malala yousafzai,political_public_figure,political_figures,hard,news_photo,,,,,,,,,institutional_public_figure,Pakistan,activist
political_figure_kofi_annan_001,a neutral portrait of Kofi Annan in a bright studio,kofi annan,political_public_figure,political_figures,easy,public_figure_portrait,,,,,,,,,institutional_public_figure,Ghana,diplomat
political_figure_kofi_annan_002,Kofi Annan speaking at a podium,kofi annan,political_public_figure,political_figures,easy,podium_speech,,,,,,,,,institutional_public_figure,Ghana,diplomat
political_figure_kofi_annan_003,Kofi Annan attending a public conference,kofi annan,political_public_figure,political_figures,medium,public_conference,,,,,,,,,institutional_public_figure,Ghana,diplomat
political_figure_kofi_annan_004,Kofi Annan standing in front of national flags,kofi annan,political_public_figure,political_figures,medium,flags_background,,,,,,,,,institutional_public_figure,Ghana,diplomat
political_figure_kofi_annan_005,a newspaper-style photo of Kofi Annan at a public event,kofi annan,political_public_figure,political_figures,hard,news_photo,,,,,,,,,institutional_public_figure,Ghana,diplomat
political_figure_ban_ki_moon_001,a neutral portrait of Ban Ki-moon in a bright studio,ban ki-moon,political_public_figure,political_figures,easy,public_figure_portrait,,,,,,,,,institutional_public_figure,South Korea,diplomat
political_figure_ban_ki_moon_002,Ban Ki-moon speaking at a podium,ban ki-moon,political_public_figure,political_figures,easy,podium_speech,,,,,,,,,institutional_public_figure,South Korea,diplomat
political_figure_ban_ki_moon_003,Ban Ki-moon attending a public conference,ban ki-moon,political_public_figure,political_figures,medium,public_conference,,,,,,,,,institutional_public_figure,South Korea,diplomat
political_figure_ban_ki_moon_004,Ban Ki-moon standing in front of national flags,ban ki-moon,political_public_figure,political_figures,medium,flags_background,,,,,,,,,institutional_public_figure,South Korea,diplomat
political_figure_ban_ki_moon_005,a newspaper-style photo of Ban Ki-moon at a public event,ban ki-moon,political_public_figure,political_figures,hard,news_photo,,,,,,,,,institutional_public_figure,South Korea,diplomat
political_figure_desmond_tutu_001,a neutral portrait of Desmond Tutu in a bright studio,desmond tutu,political_public_figure,political_figures,easy,public_figure_portrait,,,,,,,,,institutional_public_figure,South Africa,religious leader
political_figure_desmond_tutu_002,Desmond Tutu speaking at a podium,desmond tutu,political_public_figure,political_figures,easy,podium_speech,,,,,,,,,institutional_public_figure,South Africa,religious leader
political_figure_desmond_tutu_003,Desmond Tutu attending a public conference,desmond tutu,political_public_figure,political_figures,medium,public_conference,,,,,,,,,institutional_public_figure,South Africa,religious leader
political_figure_desmond_tutu_004,Desmond Tutu standing in front of national flags,desmond tutu,political_public_figure,political_figures,medium,flags_background,,,,,,,,,institutional_public_figure,South Africa,religious leader
political_figure_desmond_tutu_005,a newspaper-style photo of Desmond Tutu at a public event,desmond tutu,political_public_figure,political_figures,hard,news_photo,,,,,,,,,institutional_public_figure,South Africa,religious leader
political_figure_dalai_lama_001,a neutral portrait of the Dalai Lama in a bright studio,dalai lama,political_public_figure,political_figures,easy,public_figure_portrait,,,,,,,,,institutional_public_figure,Tibet,religious leader
political_figure_dalai_lama_002,the Dalai Lama speaking at a podium,dalai lama,political_public_figure,political_figures,easy,podium_speech,,,,,,,,,institutional_public_figure,Tibet,religious leader
political_figure_dalai_lama_003,the Dalai Lama attending a public conference,dalai lama,political_public_figure,political_figures,medium,public_conference,,,,,,,,,institutional_public_figure,Tibet,religious leader
political_figure_dalai_lama_004,the Dalai Lama standing in front of national flags,dalai lama,political_public_figure,political_figures,medium,flags_background,,,,,,,,,institutional_public_figure,Tibet,religious leader
political_figure_dalai_lama_005,a newspaper-style photo of the Dalai Lama at a public event,dalai lama,political_public_figure,political_figures,hard,news_photo,,,,,,,,,institutional_public_figure,Tibet,religious leader
political_figure_ruth_bader_ginsburg_001,a neutral portrait of Ruth Bader Ginsburg in a bright studio,ruth bader ginsburg,political_public_figure,political_figures,easy,public_figure_portrait,,,,,,,,,institutional_public_figure,United States,legal public figure
political_figure_ruth_bader_ginsburg_002,Ruth Bader Ginsburg speaking at a podium,ruth bader ginsburg,political_public_figure,political_figures,easy,podium_speech,,,,,,,,,institutional_public_figure,United States,legal public figure
political_figure_ruth_bader_ginsburg_003,Ruth Bader Ginsburg attending a public conference,ruth bader ginsburg,political_public_figure,political_figures,medium,public_conference,,,,,,,,,institutional_public_figure,United States,legal public figure
political_figure_ruth_bader_ginsburg_004,Ruth Bader Ginsburg standing in front of national flags,ruth bader ginsburg,political_public_figure,political_figures,medium,flags_background,,,,,,,,,institutional_public_figure,United States,legal public figure
political_figure_ruth_bader_ginsburg_005,a newspaper-style photo of Ruth Bader Ginsburg at a public event,ruth bader ginsburg,political_public_figure,political_figures,hard,news_photo,,,,,,,,,institutional_public_figure,United States,legal public figure
political_figure_thurgood_marshall_001,a neutral portrait of Thurgood Marshall in a bright studio,thurgood marshall,political_public_figure,political_figures,easy,public_figure_portrait,,,,,,,,,institutional_public_figure,United States,legal public figure
political_figure_thurgood_marshall_002,Thurgood Marshall speaking at a podium,thurgood marshall,political_public_figure,political_figures,easy,podium_speech,,,,,,,,,institutional_public_figure,United States,legal public figure
political_figure_thurgood_marshall_003,Thurgood Marshall attending a public conference,thurgood marshall,political_public_figure,political_figures,medium,public_conference,,,,,,,,,institutional_public_figure,United States,legal public figure
political_figure_thurgood_marshall_004,Thurgood Marshall standing in front of national flags,thurgood marshall,political_public_figure,political_figures,medium,flags_background,,,,,,,,,institutional_public_figure,United States,legal public figure
political_figure_thurgood_marshall_005,a newspaper-style photo of Thurgood Marshall at a public event,thurgood marshall,political_public_figure,political_figures,hard,news_photo,,,,,,,,,institutional_public_figure,United States,legal public figure
